episode,scores
0,-10
1,-10
2,-10
3,-10
4,-10
5,-10
6,-10
7,-10
8,-10
9,100
10,-10
11,-10
12,-10
13,-10
14,-10
15,-10
16,-10
17,-10
18,100
19,-10
20,-10
21,-10
22,-10
23,-10
24,-10
25,-10
26,100
27,-10
28,-10
29,-10
30,-10
31,-10
32,100
33,-10
34,-10
35,-10
36,-10
37,100
38,-10
39,-10
40,-10
41,-10
42,-10
43,-10
44,-10
45,-10
46,-10
47,-10
48,-10
49,-10
50,-10
51,-10
52,-10
53,-10
54,-10
55,-10
56,-10
57,-10
58,-10
59,-10
60,-10
61,-10
62,-10
63,-10
64,-10
65,-10
66,-10
67,-10
68,-10
69,-10
70,-10
71,-10
72,-10
73,-10
74,-10
75,-10
76,-10
77,-10
78,-10
79,-10
80,-10
81,-10
82,-10
83,-10
84,-10
85,-10
86,-10
87,-10
88,-10
89,-10
90,-10
91,-10
92,-10
93,100
94,-10
95,-10
96,-10
97,-10
98,-10
99,-10
100,-10
101,-10
102,-10
103,-10
104,-10
105,-10
106,-10
107,-10
108,-10
109,-10
110,-10
111,-10
112,-10
113,-10
114,-10
115,-10
116,-10
117,-10
118,-10
119,-10
120,100
121,-10
122,-10
123,-10
124,-10
125,-10
126,-10
127,-10
128,-10
129,-10
130,-10
131,-10
132,-10
133,-10
134,-10
135,-10
136,-10
137,-10
138,-10
139,-10
140,-10
141,-10
142,-10
143,-10
144,-10
145,-10
146,-10
147,-10
148,-10
149,-10
150,-10
151,-10
152,-10
153,-10
154,-10
155,-10
156,-10
157,-10
158,-10
159,-10
160,-10
161,-10
162,-10
163,-10
164,-10
165,-10
166,-10
167,-10
168,-10
169,-10
170,-10
171,-10
172,-10
173,-10
174,-10
175,-10
176,-10
177,-10
178,-10
179,100
180,-10
181,-10
182,-10
183,-10
184,-10
185,100
186,-10
187,-10
188,-10
189,-10
190,-10
191,-10
192,-10
193,-10
194,-10
195,-10
196,-10
197,-10
198,-10
199,-10
200,-10
201,-10
202,-10
203,-10
204,-10
205,-10
206,-10
207,-10
208,-10
209,-10
210,-10
211,-10
212,-10
213,-10
214,-10
215,-10
216,-10
217,-10
218,-10
219,-10
220,-10
221,-10
222,-10
223,-10
224,-10
225,-10
226,-10
227,-10
228,-10
229,-10
230,-10
231,-10
232,-10
233,-10
234,-10
235,-10
236,-10
237,-10
238,-10
239,100
240,-10
241,-10
242,-10
243,-10
244,-10
245,100
246,-10
247,100
248,-10
249,-10
250,-10
251,-10
252,-10
253,-10
254,-10
255,-10
256,-10
257,-10
258,-10
259,-10
260,-10
261,-10
262,-10
263,-10
264,-10
265,-10
266,-10
267,-10
268,-10
269,-10
270,-10
271,-10
272,-10
273,-10
274,100
275,-10
276,-10
277,-10
278,-10
279,-10
280,-10
281,-10
282,-10
283,-10
284,-10
285,-10
286,-10
287,-10
288,-10
289,-10
290,-10
291,-10
292,-10
293,100
294,-10
295,-10
296,-10
297,-10
298,-10
299,-10
300,-10
301,-10
302,-10
303,-10
304,-10
305,-10
306,-10
307,-10
308,-10
309,-10
310,-10
311,-10
312,-10
313,-10
314,-10
315,-10
316,-10
317,100
318,-10
319,-10
320,100
321,-10
322,-10
323,-10
324,-10
325,-10
326,-10
327,100
328,-10
329,-10
330,100
331,-10
332,-10
333,-10
334,100
335,-10
336,-10
337,100
338,100
339,-10
340,-10
341,-10
342,-10
343,-10
344,100
345,-10
346,-10
347,100
348,-10
349,-10
350,-10
351,-10
352,-10
353,-10
354,-10
355,-10
356,-10
357,-10
358,-10
359,-10
360,-10
361,-10
362,-10
363,-10
364,-10
365,-10
366,-10
367,-10
368,100
369,100
370,-10
371,-10
372,-10
373,-10
374,-10
375,-10
376,-10
377,-10
378,-10
379,-10
380,-10
381,-10
382,-10
383,-10
384,-10
385,-10
386,-10
387,-10
388,-10
389,-10
390,100
391,-10
392,-10
393,-10
394,100
395,-10
396,-10
397,-10
398,-10
399,-10
400,-10
401,-10
402,-10
403,-10
404,-10
405,-10
406,100
407,100
408,-10
409,-10
410,-10
411,-10
412,100
413,-10
414,-10
415,-10
416,-10
417,-10
418,-10
419,-10
420,-10
421,100
422,-10
423,-10
424,-10
425,-10
426,-10
427,-10
428,-10
429,-10
430,-10
431,-10
432,-10
433,100
434,-10
435,-10
436,-10
437,-10
438,-10
439,-10
440,-10
441,-10
442,100
443,-10
444,-10
445,-10
446,-10
447,-10
448,-10
449,-10
450,-10
451,-10
452,-10
453,-10
454,100
455,-10
456,-10
457,-10
458,-10
459,-10
460,100
461,-10
462,-10
463,100
464,-10
465,-10
466,-10
467,-10
468,-10
469,-10
470,-10
471,-10
472,-10
473,-10
474,-10
475,-10
476,-10
477,-10
478,-10
479,-10
480,-10
481,-10
482,-10
483,-10
484,-10
485,100
486,-10
487,-10
488,-10
489,-10
490,-10
491,-10
492,-10
493,-10
494,-10
495,-10
496,-10
497,-10
498,-10
499,100
500,100
501,-10
502,-10
503,100
504,-10
505,-10
506,-10
507,-10
508,-10
509,-10
510,-10
511,-10
512,-10
513,-10
514,-10
515,100
516,-10
517,-10
518,-10
519,-10
520,-10
521,-10
522,-10
523,-10
524,100
525,100
526,-10
527,-10
528,-10
529,-10
530,100
531,-10
532,-10
533,-10
534,100
535,-10
536,-10
537,-10
538,-10
539,-10
540,-10
541,100
542,100
543,100
544,100
545,-10
546,-10
547,-10
548,-10
549,-10
550,100
551,-10
552,-10
553,-10
554,100
555,-10
556,-10
557,-10
558,-10
559,-10
560,-10
561,100
562,100
563,-10
564,-10
565,100
566,100
567,-10
568,-10
569,-10
570,-10
571,-10
572,-10
573,-10
574,-10
575,-10
576,-10
577,100
578,-10
579,-10
580,100
581,-10
582,-10
583,100
584,-10
585,100
586,100
587,100
588,100
589,-10
590,100
591,-10
592,-10
593,-10
594,-10
595,-10
596,-10
597,100
598,100
599,100
600,-10
601,100
602,-10
603,100
604,-10
605,100
606,-10
607,-10
608,100
609,100
610,-10
611,-10
612,-10
613,-10
614,100
615,100
616,-10
617,-10
618,-10
619,100
620,-10
621,-10
622,100
623,-10
624,100
625,-10
626,100
627,-10
628,-10
629,100
630,100
631,-10
632,-10
633,100
634,100
635,100
636,-10
637,-10
638,-10
639,-10
640,100
641,100
642,100
643,-10
644,-10
645,100
646,-10
647,-10
648,100
649,-10
650,100
651,-10
652,-10
653,-10
654,-10
655,100
656,100
657,-10
658,-10
659,-10
660,-10
661,-10
662,100
663,100
664,-10
665,100
666,100
667,-10
668,100
669,100
670,-10
671,100
672,100
673,-10
674,-10
675,100
676,100
677,-10
678,-10
679,100
680,-10
681,100
682,100
683,100
684,-10
685,-10
686,100
687,-10
688,100
689,100
690,-10
691,100
692,-10
693,100
694,-10
695,-10
696,100
697,100
698,100
699,100
700,100
701,-10
702,-10
703,-10
704,100
705,-10
706,-10
707,100
708,-10
709,-10
710,-10
711,-10
712,-10
713,-10
714,-10
715,-10
716,100
717,-10
718,-10
719,-10
720,-10
721,-10
722,-10
723,-10
724,100
725,-10
726,-10
727,-10
728,100
729,-10
730,100
731,100
732,-10
733,-10
734,100
735,-10
736,-10
737,-10
738,100
739,100
740,100
741,-10
742,100
743,-10
744,-10
745,-10
746,100
747,-10
748,-10
749,-10
750,100
751,-10
752,-10
753,-10
754,-10
755,-10
756,-10
757,-10
758,-10
759,100
760,-10
761,100
762,-10
763,-10
764,100
765,-10
766,-10
767,100
768,-10
769,-10
770,-10
771,100
772,100
773,-10
774,-10
775,-10
776,-10
777,100
778,100
779,100
780,100
781,100
782,-10
783,-10
784,-10
785,-10
786,-10
787,-10
788,100
789,-10
790,-10
791,100
792,-10
793,-10
794,-10
795,100
796,-10
797,100
798,-10
799,-10
800,100
801,100
802,100
803,-10
804,100
805,-10
806,-10
807,-10
808,-10
809,-10
810,100
811,-10
812,-10
813,-10
814,-10
815,100
816,-10
817,-10
818,100
819,-10
820,100
821,-10
822,-10
823,-10
824,100
825,100
826,-10
827,-10
828,-10
829,100
830,-10
831,-10
832,-10
833,-10
834,100
835,-10
836,-10
837,-10
838,-10
839,-10
840,-10
841,-10
842,-10
843,-10
844,100
845,-10
846,100
847,-10
848,-10
849,-10
850,-10
851,-10
852,100
853,-10
854,-10
855,-10
856,100
857,-10
858,-10
859,-10
860,-10
861,-10
862,100
863,-10
864,100
865,-10
866,100
867,-10
868,-10
869,-10
870,-10
871,-10
872,-10
873,-10
874,100
875,100
876,-10
877,-10
878,-10
879,-10
880,100
881,-10
882,-10
883,-10
884,-10
885,-10
886,-10
887,-10
888,-10
889,-10
890,-10
891,-10
892,100
893,100
894,-10
895,100
896,-10
897,100
898,-10
899,100
900,-10
901,-10
902,100
903,100
904,100
905,-10
906,-10
907,-10
908,-10
909,-10
910,-10
911,-10
912,-10
913,100
914,-10
915,100
916,-10
917,100
918,-10
919,100
920,-10
921,100
922,-10
923,-10
924,100
925,100
926,-10
927,-10
928,-10
929,-10
930,-10
931,100
932,-10
933,-10
934,100
935,-10
936,-10
937,-10
938,-10
939,-10
940,-10
941,-10
942,-10
943,-10
944,-10
945,100
946,-10
947,-10
948,-10
949,100
950,-10
951,-10
952,-10
953,-10
954,-10
955,-10
956,-10
957,100
958,100
959,-10
960,100
961,-10
962,100
963,100
964,-10
965,-10
966,-10
967,-10
968,100
969,-10
970,-10
971,-10
972,-10
973,-10
974,-10
975,-10
976,-10
977,-10
978,-10
979,-10
980,-10
981,100
982,-10
983,-10
984,-10
985,-10
986,-10
987,-10
988,-10
989,-10
990,100
991,-10
992,-10
993,-10
994,-10
995,-10
996,100
997,-10
998,-10
999,-10
1000,-10
1001,-10
1002,100
1003,-10
1004,-10
1005,100
1006,-10
1007,-10
1008,-10
1009,-10
1010,100
1011,-10
1012,100
1013,-10
1014,-10
1015,-10
1016,-10
1017,-10
1018,-10
1019,100
1020,-10
1021,-10
1022,-10
1023,-10
1024,-10
1025,-10
1026,-10
1027,100
1028,-10
1029,-10
1030,-10
1031,-10
1032,-10
1033,-10
1034,-10
1035,100
1036,100
1037,-10
1038,-10
1039,-10
1040,-10
1041,-10
1042,-10
1043,-10
1044,-10
1045,-10
1046,100
1047,-10
1048,-10
1049,-10
1050,100
1051,-10
1052,-10
1053,-10
1054,-10
1055,-10
1056,100
1057,-10
1058,-10
1059,-10
1060,-10
1061,-10
1062,-10
1063,100
1064,-10
1065,-10
1066,100
1067,-10
1068,100
1069,-10
1070,-10
1071,-10
1072,100
1073,100
1074,-10
1075,-10
1076,-10
1077,100
1078,-10
1079,-10
1080,-10
1081,-10
1082,-10
1083,-10
1084,-10
1085,-10
1086,-10
1087,-10
1088,100
1089,-10
1090,-10
1091,-10
1092,100
1093,-10
1094,-10
1095,-10
1096,-10
1097,-10
1098,-10
1099,-10
1100,-10
1101,100
1102,-10
1103,100
1104,-10
1105,-10
1106,-10
1107,100
1108,-10
1109,100
1110,100
1111,-10
1112,100
1113,-10
1114,-10
1115,-10
1116,100
1117,100
1118,-10
1119,-10
1120,-10
1121,-10
1122,-10
1123,-10
1124,-10
1125,-10
1126,-10
1127,100
1128,-10
1129,-10
1130,-10
1131,100
1132,-10
1133,-10
1134,-10
1135,-10
1136,-10
1137,-10
1138,100
1139,-10
1140,-10
1141,100
1142,-10
1143,-10
1144,-10
1145,100
1146,-10
1147,100
1148,-10
1149,100
1150,-10
1151,-10
1152,100
1153,-10
1154,100
1155,-10
1156,-10
1157,-10
1158,-10
1159,-10
1160,-10
1161,-10
1162,-10
1163,100
1164,-10
1165,100
1166,100
1167,100
1168,100
1169,-10
1170,-10
1171,-10
1172,-10
1173,-10
1174,-10
1175,100
1176,100
1177,-10
1178,-10
1179,-10
1180,100
1181,-10
1182,-10
1183,-10
1184,-10
1185,-10
1186,-10
1187,-10
1188,100
1189,100
1190,100
1191,100
1192,-10
1193,-10
1194,-10
1195,100
1196,-10
1197,-10
1198,-10
1199,-10
1200,100
1201,-10
1202,-10
1203,-10
1204,100
1205,100
1206,-10
1207,100
1208,100
1209,-10
1210,100
1211,-10
1212,100
1213,100
1214,-10
1215,-10
1216,100
1217,-10
1218,-10
1219,-10
1220,-10
1221,-10
1222,-10
1223,-10
1224,-10
1225,-10
1226,100
1227,-10
1228,-10
1229,100
1230,100
1231,100
1232,-10
1233,100
1234,-10
1235,100
1236,-10
1237,100
1238,-10
1239,100
1240,-10
1241,-10
1242,-10
1243,-10
1244,-10
1245,100
1246,100
1247,100
1248,100
1249,-10
1250,100
1251,100
1252,-10
1253,100
1254,-10
1255,-10
1256,-10
1257,-10
1258,-10
1259,-10
1260,100
1261,100
1262,-10
1263,-10
1264,-10
1265,100
1266,100
1267,100
1268,-10
1269,-10
1270,100
1271,-10
1272,100
1273,-10
1274,-10
1275,100
1276,-10
1277,-10
1278,-10
1279,100
1280,-10
1281,-10
1282,-10
1283,100
1284,-10
1285,100
1286,-10
1287,-10
1288,100
1289,-10
1290,100
1291,100
1292,-10
1293,-10
1294,-10
1295,-10
1296,100
1297,-10
1298,-10
1299,-10
1300,-10
1301,100
1302,-10
1303,100
1304,100
1305,-10
1306,-10
1307,100
1308,-10
1309,-10
1310,100
1311,100
1312,100
1313,-10
1314,100
1315,-10
1316,-10
1317,-10
1318,100
1319,-10
1320,-10
1321,-10
1322,100
1323,-10
1324,-10
1325,-10
1326,100
1327,-10
1328,-10
1329,-10
1330,-10
1331,-10
1332,100
1333,-10
1334,-10
1335,100
1336,-10
1337,-10
1338,-10
1339,100
1340,100
1341,-10
1342,100
1343,100
1344,-10
1345,100
1346,-10
1347,-10
1348,-10
1349,100
1350,100
1351,-10
1352,100
1353,-10
1354,100
1355,-10
1356,100
1357,100
1358,-10
1359,-10
1360,-10
1361,100
1362,100
1363,-10
1364,100
1365,100
1366,100
1367,-10
1368,100
1369,100
1370,-10
1371,100
1372,100
1373,-10
1374,-10
1375,-10
1376,-10
1377,100
1378,100
1379,100
1380,-10
1381,-10
1382,100
1383,100
1384,100
1385,100
1386,-10
1387,-10
1388,100
1389,100
1390,-10
1391,-10
1392,100
1393,100
1394,100
1395,100
1396,100
1397,-10
1398,100
1399,-10
1400,100
1401,-10
1402,-10
1403,-10
1404,-10
1405,100
1406,-10
1407,100
1408,-10
1409,100
1410,-10
1411,100
1412,100
1413,-10
1414,-10
1415,-10
1416,-10
1417,-10
1418,100
1419,100
1420,100
1421,100
1422,-10
1423,-10
1424,100
1425,-10
1426,100
1427,-10
1428,-10
1429,100
1430,-10
1431,-10
1432,100
1433,100
1434,-10
1435,100
1436,100
1437,-10
1438,-10
1439,-10
1440,-10
1441,100
1442,-10
1443,-10
1444,-10
1445,100
1446,-10
1447,100
1448,100
1449,-10
1450,100
1451,100
1452,-10
1453,-10
1454,-10
1455,100
1456,100
1457,100
1458,-10
1459,100
1460,-10
1461,-10
1462,100
1463,-10
1464,-10
1465,-10
1466,100
1467,-10
1468,-10
1469,100
1470,-10
1471,-10
1472,-10
1473,100
1474,-10
1475,100
1476,-10
1477,100
1478,-10
1479,100
1480,100
1481,100
1482,-10
1483,-10
1484,100
1485,-10
1486,100
1487,100
1488,-10
1489,-10
1490,100
1491,-10
1492,-10
1493,-10
1494,-10
1495,-10
1496,100
1497,100
1498,-10
1499,100
1500,-10
1501,100
1502,-10
1503,-10
1504,-10
1505,-10
1506,-10
1507,-10
1508,100
1509,-10
1510,-10
1511,100
1512,-10
1513,100
1514,-10
1515,-10
1516,100
1517,-10
1518,-10
1519,-10
1520,100
1521,100
1522,100
1523,100
1524,100
1525,100
1526,100
1527,-10
1528,100
1529,100
1530,100
1531,100
1532,100
1533,-10
1534,-10
1535,-10
1536,-10
1537,100
1538,100
1539,100
1540,-10
1541,-10
1542,-10
1543,100
1544,100
1545,-10
1546,-10
1547,-10
1548,100
1549,100
1550,100
1551,100
1552,100
1553,-10
1554,100
1555,100
1556,100
1557,100
1558,100
1559,-10
1560,100
1561,100
1562,100
1563,100
1564,100
1565,-10
1566,100
1567,-10
1568,-10
1569,100
1570,-10
1571,-10
1572,100
1573,100
1574,100
1575,-10
1576,100
1577,-10
1578,-10
1579,100
1580,100
1581,100
1582,-10
1583,100
1584,100
1585,100
1586,100
1587,100
1588,100
1589,100
1590,100
1591,100
1592,100
1593,100
1594,-10
1595,-10
1596,100
1597,100
1598,100
1599,100
1600,100
1601,100
1602,100
1603,100
1604,-10
1605,-10
1606,-10
1607,100
1608,100
1609,-10
1610,-10
1611,100
1612,-10
1613,-10
1614,100
1615,100
1616,100
1617,100
1618,100
1619,100
1620,100
1621,100
1622,100
1623,100
1624,100
1625,-10
1626,100
1627,100
1628,100
1629,-10
1630,100
1631,-10
1632,100
1633,100
1634,100
1635,-10
1636,100
1637,100
1638,-10
1639,100
1640,-10
1641,-10
1642,100
1643,100
1644,100
1645,100
1646,100
1647,100
1648,100
1649,100
1650,100
1651,-10
1652,100
1653,100
1654,100
1655,100
1656,100
1657,100
1658,100
1659,100
1660,100
1661,100
1662,100
1663,100
1664,100
1665,-10
1666,100
1667,-10
1668,100
1669,100
1670,100
1671,100
1672,100
1673,-10
1674,100
1675,100
1676,100
1677,100
1678,100
1679,100
1680,-10
1681,100
1682,-10
1683,-10
1684,100
1685,100
1686,100
1687,100
1688,-10
1689,100
1690,-10
1691,100
1692,100
1693,100
1694,100
1695,100
1696,100
1697,100
1698,100
1699,100
1700,100
1701,100
1702,100
1703,100
1704,-10
1705,100
1706,-10
1707,100
1708,-10
1709,100
1710,-10
1711,100
1712,100
1713,100
1714,100
1715,100
1716,100
1717,100
1718,100
1719,100
1720,100
1721,-10
1722,100
1723,-10
1724,100
1725,100
1726,-10
1727,100
1728,100
1729,100
1730,100
1731,100
1732,100
1733,100
1734,-10
1735,100
1736,100
1737,100
1738,-10
1739,100
1740,-10
1741,100
1742,100
1743,100
1744,100
1745,-10
1746,100
1747,-10
1748,100
1749,100
1750,100
1751,100
1752,-10
1753,100
1754,-10
1755,100
1756,-10
1757,100
1758,100
1759,100
1760,100
1761,100
1762,-10
1763,100
1764,100
1765,100
1766,100
1767,-10
1768,100
1769,-10
1770,100
1771,-10
1772,100
1773,-10
1774,100
1775,100
1776,100
1777,100
1778,100
1779,100
1780,100
1781,100
1782,100
1783,100
1784,-10
1785,100
1786,100
1787,100
1788,100
1789,100
1790,100
1791,-10
1792,100
1793,100
1794,100
1795,100
1796,100
1797,100
1798,-10
1799,-10
1800,-10
1801,100
1802,-10
1803,100
1804,100
1805,100
1806,-10
1807,100
1808,100
1809,100
1810,100
1811,-10
1812,100
1813,100
1814,100
1815,-10
1816,-10
1817,100
1818,-10
1819,100
1820,-10
1821,-10
1822,100
1823,100
1824,100
1825,-10
1826,100
1827,100
1828,100
1829,100
1830,-10
1831,100
1832,100
1833,-10
1834,100
1835,-10
1836,100
1837,-10
1838,100
1839,100
1840,100
1841,-10
1842,100
1843,-10
1844,-10
1845,100
1846,-10
1847,100
1848,-10
1849,-10
1850,-10
1851,100
1852,100
1853,-10
1854,100
1855,100
1856,100
1857,100
1858,-10
1859,100
1860,100
1861,100
1862,100
1863,100
1864,-10
1865,100
1866,100
1867,100
1868,100
1869,-10
1870,100
1871,-10
1872,100
1873,-10
1874,100
1875,100
1876,100
1877,100
1878,-10
1879,100
1880,100
1881,-10
1882,100
1883,100
1884,100
1885,100
1886,100
1887,100
1888,-10
1889,-10
1890,100
1891,-10
1892,100
1893,100
1894,-10
1895,-10
1896,-10
1897,-10
1898,100
1899,100
1900,100
1901,-10
1902,100
1903,-10
1904,-10
1905,-10
1906,-10
1907,100
1908,100
1909,100
1910,100
1911,-10
1912,100
1913,-10
1914,-10
1915,100
1916,-10
1917,-10
1918,100
1919,100
1920,100
1921,100
1922,100
1923,-10
1924,-10
1925,-10
1926,100
1927,100
1928,100
1929,100
1930,-10
1931,-10
1932,100
1933,100
1934,100
1935,100
1936,100
1937,-10
1938,100
1939,100
1940,-10
1941,100
1942,100
1943,100
1944,100
1945,100
1946,100
1947,-10
1948,100
1949,-10
1950,-10
1951,100
1952,-10
1953,100
1954,100
1955,100
1956,100
1957,100
1958,100
1959,100
1960,100
1961,100
1962,100
1963,100
1964,100
1965,-10
1966,100
1967,100
1968,100
1969,100
1970,100
1971,-10
1972,100
1973,100
1974,100
1975,100
1976,100
1977,100
1978,100
1979,100
1980,-10
1981,100
1982,100
1983,100
1984,-10
1985,100
1986,100
1987,-10
1988,100
1989,100
1990,-10
1991,100
1992,100
1993,100
1994,100
1995,100
1996,100
1997,100
1998,100
1999,100
2000,-10
2001,-10
2002,-10
2003,100
2004,-10
2005,100
2006,-10
2007,100
2008,100
2009,100
2010,100
2011,-10
2012,100
2013,-10
2014,-10
2015,100
2016,-10
2017,-10
2018,100
2019,100
2020,100
2021,100
2022,100
2023,-10
2024,100
2025,-10
2026,100
2027,100
2028,-10
2029,100
2030,100
2031,100
2032,100
2033,100
2034,100
2035,100
2036,100
2037,100
2038,100
2039,100
2040,100
2041,100
2042,100
2043,100
2044,100
2045,100
2046,100
2047,100
2048,100
2049,100
2050,100
2051,-10
2052,100
2053,100
2054,100
2055,100
2056,100
2057,100
2058,100
2059,-10
2060,100
2061,-10
2062,100
2063,-10
2064,100
2065,100
2066,100
2067,100
2068,100
2069,100
2070,100
2071,100
2072,100
2073,-10
2074,100
2075,100
2076,-10
2077,100
2078,100
2079,100
2080,-10
2081,100
2082,100
2083,100
2084,100
2085,100
2086,100
2087,-10
2088,-10
2089,100
2090,100
2091,-10
2092,100
2093,100
2094,100
2095,100
2096,100
2097,100
2098,100
2099,100
2100,-10
2101,-10
2102,-10
2103,100
2104,-10
2105,100
2106,-10
2107,100
2108,-10
2109,-10
2110,100
2111,100
2112,100
2113,100
2114,100
2115,100
2116,100
2117,100
2118,100
2119,100
2120,100
2121,100
2122,100
2123,100
2124,-10
2125,100
2126,-10
2127,100
2128,100
2129,-10
2130,-10
2131,100
2132,100
2133,100
2134,100
2135,100
2136,100
2137,100
2138,100
2139,100
2140,100
2141,100
2142,100
2143,100
2144,-10
2145,100
2146,100
2147,100
2148,-10
2149,100
2150,100
2151,100
2152,100
2153,100
2154,100
2155,100
2156,100
2157,100
2158,100
2159,-10
2160,100
2161,100
2162,100
2163,100
2164,100
2165,100
2166,100
2167,-10
2168,100
2169,100
2170,100
2171,100
2172,-10
2173,100
2174,100
2175,100
2176,100
2177,100
2178,100
2179,100
2180,-10
2181,100
2182,100
2183,100
2184,100
2185,100
2186,-10
2187,-10
2188,100
2189,100
2190,100
2191,100
2192,100
2193,100
2194,-10
2195,100
2196,100
2197,100
2198,100
2199,100
2200,100
2201,-10
2202,100
2203,100
2204,100
2205,100
2206,100
2207,100
2208,100
2209,100
2210,100
2211,100
2212,100
2213,100
2214,100
2215,-10
2216,100
2217,100
2218,-10
2219,100
2220,100
2221,100
2222,100
2223,-10
2224,-10
2225,100
2226,100
2227,100
2228,100
2229,100
2230,-10
2231,100
2232,-10
2233,100
2234,100
2235,-10
2236,100
2237,100
2238,-10
2239,100
2240,100
2241,100
2242,100
2243,100
2244,100
2245,100
2246,100
2247,-10
2248,100
2249,100
2250,100
2251,-10
2252,100
2253,-10
2254,-10
2255,100
2256,100
2257,-10
2258,100
2259,100
2260,100
2261,100
2262,100
2263,100
2264,100
2265,-10
2266,100
2267,-10
2268,100
2269,100
2270,100
2271,100
2272,100
2273,100
2274,100
2275,-10
2276,100
2277,100
2278,100
2279,100
2280,100
2281,100
2282,100
2283,100
2284,-10
2285,100
2286,100
2287,100
2288,100
2289,100
2290,100
2291,100
2292,-10
2293,-10
2294,100
2295,100
2296,100
2297,100
2298,100
2299,100
2300,100
2301,100
2302,100
2303,100
2304,100
2305,100
2306,100
2307,-10
2308,100
2309,100
2310,100
2311,100
2312,100
2313,100
2314,100
2315,100
2316,100
2317,100
2318,-10
2319,100
2320,100
2321,100
2322,100
2323,-10
2324,100
2325,100
2326,100
2327,100
2328,100
2329,100
2330,100
2331,100
2332,100
2333,100
2334,100
2335,100
2336,100
2337,100
2338,100
2339,100
2340,-10
2341,100
2342,100
2343,100
2344,100
2345,-10
2346,100
2347,100
2348,-10
2349,100
2350,100
2351,100
2352,100
2353,100
2354,100
2355,100
2356,100
2357,100
2358,100
2359,100
2360,100
2361,100
2362,100
2363,100
2364,100
2365,100
2366,100
2367,100
2368,100
2369,100
2370,100
2371,100
2372,100
2373,100
2374,-10
2375,100
2376,100
2377,100
2378,100
2379,100
2380,100
2381,100
2382,100
2383,100
2384,100
2385,100
2386,100
2387,100
2388,100
2389,100
2390,100
2391,-10
2392,100
2393,100
2394,100
2395,100
2396,100
2397,100
2398,100
2399,-10
2400,100
2401,100
2402,100
2403,100
2404,100
2405,100
2406,100
2407,100
2408,100
2409,100
2410,100
2411,100
2412,100
2413,100
2414,100
2415,100
2416,-10
2417,100
2418,100
2419,100
2420,100
2421,100
2422,100
2423,100
2424,100
2425,100
2426,100
2427,-10
2428,100
2429,100
2430,-10
2431,100
2432,-10
2433,100
2434,100
2435,100
2436,-10
2437,100
2438,100
2439,-10
2440,100
2441,100
2442,100
2443,100
2444,100
2445,100
2446,100
2447,100
2448,100
2449,100
2450,100
2451,100
2452,100
2453,100
2454,100
2455,100
2456,100
2457,100
2458,100
2459,100
2460,100
2461,100
2462,100
2463,100
2464,100
2465,100
2466,100
2467,100
2468,100
2469,100
2470,100
2471,100
2472,100
2473,100
2474,-10
2475,-10
2476,100
2477,100
2478,100
2479,100
2480,-10
2481,100
2482,100
2483,100
2484,100
2485,100
2486,100
2487,100
2488,100
2489,100
2490,100
2491,100
2492,100
2493,100
2494,100
2495,100
2496,100
2497,100
2498,100
2499,100
2500,100
2501,100
2502,100
2503,100
2504,100
2505,100
2506,100
2507,100
2508,100
2509,100
2510,100
2511,100
2512,100
2513,100
2514,100
2515,100
2516,100
2517,100
2518,100
2519,100
2520,100
2521,100
2522,100
2523,100
2524,100
2525,100
2526,100
2527,100
2528,100
2529,100
2530,100
2531,100
2532,-10
2533,100
2534,-10
2535,100
2536,100
2537,100
2538,100
2539,100
2540,-10
2541,100
2542,100
2543,100
2544,100
2545,100
2546,100
2547,100
2548,100
2549,100
2550,100
2551,100
2552,100
2553,100
2554,100
2555,100
2556,100
2557,100
2558,100
2559,100
2560,100
2561,100
2562,100
2563,100
2564,100
2565,100
2566,-10
2567,100
2568,100
2569,100
2570,100
2571,100
2572,100
2573,100
2574,100
2575,100
2576,100
2577,100
2578,100
2579,100
2580,100
2581,100
2582,100
2583,100
2584,100
2585,100
2586,100
2587,100
2588,100
2589,100
2590,100
2591,100
2592,100
2593,100
2594,100
2595,-10
2596,100
2597,100
2598,100
2599,100
2600,100
2601,-10
2602,100
2603,100
2604,100
2605,100
2606,100
2607,100
2608,100
2609,100
2610,100
2611,100
2612,100
2613,100
2614,100
2615,100
2616,100
2617,100
2618,100
2619,100
2620,100
2621,100
2622,100
2623,100
2624,100
2625,100
2626,100
2627,-10
2628,100
2629,100
2630,100
2631,100
2632,100
2633,-10
2634,100
2635,100
2636,100
2637,100
2638,100
2639,100
2640,100
2641,100
2642,100
2643,100
2644,100
2645,100
2646,-10
2647,100
2648,100
2649,100
2650,100
2651,-10
2652,-10
2653,-10
2654,100
2655,100
2656,100
2657,100
2658,100
2659,100
2660,100
2661,100
2662,-10
2663,100
2664,-10
2665,100
2666,100
2667,100
2668,100
2669,100
2670,100
2671,100
2672,100
2673,100
2674,100
2675,100
2676,100
2677,100
2678,100
2679,-10
2680,100
2681,100
2682,100
2683,100
2684,100
2685,100
2686,100
2687,100
2688,100
2689,100
2690,-10
2691,100
2692,-10
2693,100
2694,100
2695,100
2696,100
2697,100
2698,100
2699,100
2700,100
2701,100
2702,100
2703,100
2704,100
2705,100
2706,100
2707,100
2708,100
2709,100
2710,-10
2711,100
2712,100
2713,100
2714,100
2715,100
2716,100
2717,100
2718,100
2719,100
2720,100
2721,100
2722,100
2723,100
2724,100
2725,100
2726,100
2727,-10
2728,100
2729,100
2730,100
2731,100
2732,100
2733,100
2734,100
2735,100
2736,100
2737,100
2738,100
2739,-10
2740,100
2741,100
2742,100
2743,100
2744,100
2745,100
2746,100
2747,100
2748,100
2749,100
2750,100
2751,100
2752,100
2753,100
2754,100
2755,100
2756,100
2757,100
2758,100
2759,100
2760,100
2761,100
2762,100
2763,100
2764,100
2765,100
2766,100
2767,-10
2768,100
2769,100
2770,100
2771,100
2772,100
2773,100
2774,100
2775,100
2776,100
2777,100
2778,100
2779,100
2780,100
2781,100
2782,100
2783,100
2784,100
2785,100
2786,100
2787,100
2788,100
2789,100
2790,100
2791,100
2792,100
2793,100
2794,100
2795,100
2796,100
2797,100
2798,100
2799,100
2800,100
2801,100
2802,100
2803,100
2804,100
2805,100
2806,100
2807,-10
2808,100
2809,100
2810,100
2811,-10
2812,100
2813,100
2814,100
2815,100
2816,100
2817,100
2818,100
2819,100
2820,-10
2821,100
2822,100
2823,100
2824,-10
2825,100
2826,100
2827,100
2828,100
2829,100
2830,100
2831,100
2832,100
2833,100
2834,100
2835,100
2836,100
2837,100
2838,-10
2839,100
2840,100
2841,100
2842,100
2843,100
2844,100
2845,100
2846,100
2847,100
2848,100
2849,100
2850,100
2851,-10
2852,100
2853,100
2854,100
2855,100
2856,100
2857,100
2858,100
2859,100
2860,100
2861,100
2862,100
2863,100
2864,100
2865,100
2866,100
2867,100
2868,100
2869,100
2870,100
2871,100
2872,100
2873,100
2874,100
2875,100
2876,100
2877,100
2878,100
2879,100
2880,100
2881,100
2882,100
2883,100
2884,100
2885,100
2886,100
2887,100
2888,100
2889,100
2890,100
2891,100
2892,-10
2893,100
2894,100
2895,100
2896,100
2897,100
2898,100
2899,-10
2900,100
2901,100
2902,100
2903,100
2904,100
2905,100
2906,100
2907,100
2908,100
2909,100
2910,100
2911,100
2912,100
2913,100
2914,100
2915,100
2916,100
2917,100
2918,100
2919,100
2920,100
2921,100
2922,100
2923,100
2924,100
2925,100
2926,100
2927,100
2928,100
2929,100
2930,100
2931,100
2932,100
2933,-10
2934,100
2935,100
2936,100
2937,100
2938,100
2939,100
2940,-10
2941,100
2942,100
2943,100
2944,100
2945,100
2946,100
2947,100
2948,100
2949,-10
2950,100
2951,100
2952,100
2953,100
2954,100
2955,100
2956,100
2957,100
2958,100
2959,100
2960,100
2961,100
2962,100
2963,100
2964,100
2965,100
2966,100
2967,100
2968,100
2969,100
2970,100
2971,100
2972,100
2973,100
2974,100
2975,100
2976,100
2977,100
2978,100
2979,100
2980,100
2981,100
2982,100
2983,100
2984,100
2985,100
2986,100
2987,100
2988,100
2989,100
2990,100
2991,100
2992,100
2993,100
2994,100
2995,100
2996,100
2997,100
2998,100
2999,100
3000,100
3001,100
3002,100
3003,-10
3004,100
3005,100
3006,-10
3007,100
3008,-10
3009,100
3010,100
3011,100
3012,100
3013,100
3014,100
3015,100
3016,100
3017,100
3018,100
3019,100
3020,100
3021,100
3022,100
3023,100
3024,100
3025,100
3026,100
3027,100
3028,100
3029,100
3030,-10
3031,100
3032,100
3033,100
3034,100
3035,100
3036,100
3037,-10
3038,100
3039,100
3040,100
3041,100
3042,100
3043,100
3044,100
3045,-10
3046,100
3047,100
3048,-10
3049,100
3050,100
3051,100
3052,100
3053,100
3054,100
3055,100
3056,100
3057,-10
3058,100
3059,100
3060,100
3061,100
3062,100
3063,-10
3064,100
3065,100
3066,100
3067,100
3068,100
3069,100
3070,-10
3071,100
3072,100
3073,-10
3074,100
3075,100
3076,100
3077,100
3078,100
3079,100
3080,100
3081,100
3082,100
3083,-10
3084,-10
3085,100
3086,-10
3087,-10
3088,-10
3089,100
3090,100
3091,100
3092,100
3093,100
3094,100
3095,100
3096,100
3097,100
3098,100
3099,100
3100,100
3101,100
3102,100
3103,100
3104,100
3105,100
3106,100
3107,100
3108,100
3109,100
3110,100
3111,100
3112,100
3113,100
3114,100
3115,100
3116,100
3117,100
3118,100
3119,100
3120,100
3121,100
3122,-10
3123,100
3124,100
3125,100
3126,100
3127,100
3128,100
3129,100
3130,100
3131,100
3132,100
3133,100
3134,100
3135,100
3136,100
3137,100
3138,100
3139,100
3140,100
3141,100
3142,-10
3143,100
3144,100
3145,100
3146,100
3147,100
3148,100
3149,100
3150,100
3151,100
3152,100
3153,100
3154,100
3155,100
3156,100
3157,100
3158,100
3159,100
3160,100
3161,100
3162,-10
3163,100
3164,100
3165,100
3166,100
3167,100
3168,100
3169,100
3170,100
3171,100
3172,-10
3173,100
3174,100
3175,100
3176,100
3177,100
3178,100
3179,100
3180,100
3181,100
3182,100
3183,100
3184,100
3185,100
3186,100
3187,100
3188,-10
3189,100
3190,100
3191,100
3192,100
3193,100
3194,100
3195,100
3196,100
3197,100
3198,100
3199,100
3200,-10
3201,100
3202,100
3203,100
3204,100
3205,100
3206,100
3207,100
3208,-10
3209,100
3210,-10
3211,100
3212,100
3213,100
3214,-10
3215,100
3216,100
3217,100
3218,100
3219,100
3220,100
3221,100
3222,100
3223,100
3224,100
3225,100
3226,100
3227,100
3228,100
3229,100
3230,100
3231,100
3232,100
3233,100
3234,100
3235,100
3236,100
3237,100
3238,100
3239,100
3240,100
3241,100
3242,100
3243,100
3244,100
3245,-10
3246,100
3247,100
3248,100
3249,100
3250,100
3251,100
3252,100
3253,100
3254,100
3255,100
3256,100
3257,100
3258,100
3259,-10
3260,-10
3261,100
3262,100
3263,100
3264,100
3265,100
3266,100
3267,100
3268,-10
3269,100
3270,100
3271,100
3272,100
3273,100
3274,100
3275,100
3276,-10
3277,100
3278,100
3279,100
3280,100
3281,100
3282,100
3283,100
3284,-10
3285,100
3286,100
3287,100
3288,100
3289,100
3290,100
3291,100
3292,100
3293,100
3294,100
3295,100
3296,100
3297,100
3298,100
3299,100
3300,100
3301,100
3302,100
3303,100
3304,100
3305,100
3306,100
3307,100
3308,-10
3309,100
3310,-10
3311,-10
3312,100
3313,100
3314,100
3315,100
3316,100
3317,100
3318,100
3319,100
3320,-10
3321,-10
3322,100
3323,100
3324,100
3325,100
3326,-10
3327,100
3328,100
3329,100
3330,100
3331,100
3332,100
3333,100
3334,100
3335,100
3336,-10
3337,100
3338,100
3339,100
3340,-10
3341,100
3342,-10
3343,-10
3344,-10
3345,100
3346,100
3347,100
3348,100
3349,100
3350,100
3351,100
3352,-10
3353,100
3354,100
3355,-10
3356,100
3357,-10
3358,100
3359,-10
3360,100
3361,-10
3362,100
3363,100
3364,-10
3365,100
3366,-10
3367,100
3368,100
3369,100
3370,100
3371,-10
3372,100
3373,100
3374,-10
3375,100
3376,100
3377,100
3378,100
3379,100
3380,100
3381,100
3382,100
3383,100
3384,-10
3385,100
3386,100
3387,100
3388,100
3389,100
3390,100
3391,-10
3392,100
3393,100
3394,100
3395,100
3396,100
3397,100
3398,-10
3399,100
3400,100
3401,100
3402,100
3403,100
3404,100
3405,100
3406,100
3407,100
3408,100
3409,100
3410,100
3411,100
3412,100
3413,100
3414,-10
3415,100
3416,100
3417,100
3418,100
3419,100
3420,100
3421,100
3422,100
3423,100
3424,100
3425,100
3426,100
3427,100
3428,100
3429,100
3430,100
3431,100
3432,100
3433,-10
3434,100
3435,100
3436,100
3437,-10
3438,100
3439,100
3440,100
3441,100
3442,100
3443,-10
3444,100
3445,100
3446,-10
3447,100
3448,100
3449,100
3450,100
3451,100
3452,100
3453,100
3454,100
3455,-10
3456,100
3457,100
3458,100
3459,100
3460,100
3461,100
3462,100
3463,100
3464,100
3465,100
3466,100
3467,-10
3468,100
3469,-10
3470,100
3471,100
3472,100
3473,100
3474,-10
3475,100
3476,100
3477,100
3478,-10
3479,100
3480,100
3481,100
3482,100
3483,100
3484,-10
3485,-10
3486,100
3487,100
3488,100
3489,100
3490,100
3491,100
3492,-10
3493,100
3494,100
3495,100
3496,-10
3497,100
3498,100
3499,100
3500,100
3501,100
3502,100
3503,100
3504,100
3505,100
3506,100
3507,100
3508,100
3509,100
3510,100
3511,100
3512,-10
3513,100
3514,100
3515,-10
3516,100
3517,100
3518,100
3519,100
3520,100
3521,100
3522,-10
3523,-10
3524,100
3525,100
3526,100
3527,100
3528,100
3529,100
3530,100
3531,-10
3532,100
3533,100
3534,100
3535,100
3536,100
3537,100
3538,100
3539,-10
3540,-10
3541,100
3542,-10
3543,-10
3544,100
3545,100
3546,100
3547,100
3548,100
3549,100
3550,100
3551,100
3552,100
3553,-10
3554,-10
3555,100
3556,100
3557,100
3558,-10
3559,-10
3560,100
3561,100
3562,100
3563,100
3564,100
3565,100
3566,100
3567,-10
3568,100
3569,-10
3570,100
3571,100
3572,100
3573,-10
3574,100
3575,100
3576,100
3577,-10
3578,100
3579,-10
3580,100
3581,100
3582,100
3583,-10
3584,-10
3585,-10
3586,100
3587,100
3588,100
3589,-10
3590,100
3591,100
3592,100
3593,-10
3594,100
3595,100
3596,100
3597,-10
3598,100
3599,100
3600,100
3601,100
3602,100
3603,100
3604,100
3605,-10
3606,100
3607,100
3608,100
3609,100
3610,100
3611,100
3612,100
3613,100
3614,100
3615,100
3616,100
3617,100
3618,100
3619,100
3620,-10
3621,-10
3622,100
3623,100
3624,100
3625,-10
3626,100
3627,-10
3628,-10
3629,100
3630,100
3631,100
3632,100
3633,100
3634,-10
3635,-10
3636,-10
3637,100
3638,100
3639,100
3640,-10
3641,100
3642,-10
3643,100
3644,100
3645,100
3646,100
3647,100
3648,100
3649,100
3650,100
3651,100
3652,100
3653,100
3654,100
3655,100
3656,100
3657,100
3658,100
3659,100
3660,-10
3661,100
3662,100
3663,100
3664,100
3665,100
3666,100
3667,100
3668,100
3669,-10
3670,100
3671,100
3672,-10
3673,100
3674,100
3675,100
3676,100
3677,100
3678,100
3679,100
3680,100
3681,100
3682,-10
3683,100
3684,100
3685,100
3686,-10
3687,100
3688,-10
3689,-10
3690,100
3691,100
3692,-10
3693,100
3694,100
3695,-10
3696,100
3697,100
3698,100
3699,100
3700,-10
3701,100
3702,-10
3703,100
3704,100
3705,-10
3706,100
3707,100
3708,100
3709,-10
3710,100
3711,100
3712,100
3713,100
3714,100
3715,100
3716,100
3717,-10
3718,100
3719,100
3720,100
3721,-10
3722,100
3723,-10
3724,100
3725,100
3726,-10
3727,100
3728,100
3729,100
3730,-10
3731,100
3732,100
3733,-10
3734,100
3735,100
3736,100
3737,100
3738,100
3739,100
3740,100
3741,-10
3742,100
3743,100
3744,100
3745,-10
3746,100
3747,100
3748,100
3749,100
3750,100
3751,-10
3752,-10
3753,100
3754,100
3755,-10
3756,100
3757,100
3758,100
3759,100
3760,100
3761,-10
3762,100
3763,-10
3764,100
3765,100
3766,100
3767,-10
3768,100
3769,-10
3770,-10
3771,100
3772,100
3773,-10
3774,-10
3775,100
3776,100
3777,100
3778,100
3779,-10
3780,100
3781,100
3782,-10
3783,-10
3784,100
3785,-10
3786,-10
3787,100
3788,100
3789,100
3790,-10
3791,100
3792,-10
3793,100
3794,-10
3795,-10
3796,-10
3797,100
3798,-10
3799,100
3800,-10
3801,100
3802,100
3803,-10
3804,100
3805,100
3806,-10
3807,-10
3808,100
3809,100
3810,-10
3811,100
3812,100
3813,100
3814,100
3815,100
3816,100
3817,100
3818,100
3819,100
3820,100
3821,100
3822,-10
3823,-10
3824,-10
3825,100
3826,100
3827,100
3828,-10
3829,100
3830,-10
3831,100
3832,-10
3833,100
3834,100
3835,-10
3836,100
3837,100
3838,-10
3839,100
3840,100
3841,100
3842,100
3843,-10
3844,-10
3845,-10
3846,100
3847,100
3848,-10
3849,100
3850,100
3851,-10
3852,100
3853,-10
3854,100
3855,-10
3856,100
3857,100
3858,100
3859,100
3860,100
3861,100
3862,-10
3863,-10
3864,100
3865,100
3866,100
3867,-10
3868,100
3869,100
3870,100
3871,100
3872,100
3873,100
3874,100
3875,-10
3876,100
3877,-10
3878,-10
3879,100
3880,100
3881,-10
3882,100
3883,100
3884,100
3885,100
3886,-10
3887,100
3888,100
3889,-10
3890,100
3891,-10
3892,100
3893,100
3894,-10
3895,100
3896,100
3897,-10
3898,-10
3899,100
3900,100
3901,-10
3902,100
3903,100
3904,-10
3905,100
3906,-10
3907,-10
3908,100
3909,-10
3910,100
3911,100
3912,100
3913,-10
3914,100
3915,100
3916,100
3917,-10
3918,100
3919,100
3920,-10
3921,-10
3922,100
3923,100
3924,100
3925,-10
3926,-10
3927,-10
3928,-10
3929,100
3930,-10
3931,100
3932,-10
3933,100
3934,-10
3935,-10
3936,100
3937,-10
3938,-10
3939,100
3940,-10
3941,-10
3942,-10
3943,100
3944,100
3945,100
3946,100
3947,-10
3948,-10
3949,100
3950,-10
3951,-10
3952,100
3953,100
3954,-10
3955,-10
3956,100
3957,100
3958,100
3959,100
3960,100
3961,100
3962,-10
3963,100
3964,-10
3965,100
3966,-10
3967,100
3968,100
3969,100
3970,-10
3971,-10
3972,100
3973,-10
3974,100
3975,100
3976,100
3977,100
3978,100
3979,100
3980,100
3981,100
3982,100
3983,100
3984,100
3985,100
3986,100
3987,100
3988,100
3989,-10
3990,100
3991,-10
3992,100
3993,100
3994,100
3995,-10
3996,100
3997,100
3998,100
3999,-10
4000,100
4001,100
4002,100
4003,-10
4004,100
4005,100
4006,100
4007,100
4008,-10
4009,100
4010,100
4011,-10
4012,100
4013,100
4014,100
4015,-10
4016,100
4017,100
4018,100
4019,100
4020,100
4021,-10
4022,100
4023,-10
4024,100
4025,-10
4026,100
4027,100
4028,-10
4029,100
4030,-10
4031,-10
4032,100
4033,100
4034,-10
4035,-10
4036,100
4037,-10
4038,-10
4039,-10
4040,-10
4041,100
4042,-10
4043,100
4044,100
4045,-10
4046,-10
4047,-10
4048,100
4049,-10
4050,100
4051,-10
4052,100
4053,-10
4054,-10
4055,100
4056,-10
4057,100
4058,100
4059,100
4060,100
4061,-10
4062,-10
4063,-10
4064,100
4065,-10
4066,100
4067,100
4068,100
4069,100
4070,-10
4071,100
4072,-10
4073,100
4074,100
4075,100
4076,100
4077,-10
4078,-10
4079,100
4080,-10
4081,100
4082,100
4083,-10
4084,-10
4085,100
4086,100
4087,100
4088,100
4089,100
4090,100
4091,-10
4092,100
4093,100
4094,-10
4095,100
4096,100
4097,100
4098,-10
4099,-10
4100,100
4101,100
4102,100
4103,100
4104,100
4105,-10
4106,100
4107,-10
4108,100
4109,100
4110,100
4111,100
4112,100
4113,100
4114,100
4115,-10
4116,100
4117,-10
4118,100
4119,100
4120,100
4121,100
4122,100
4123,100
4124,100
4125,-10
4126,-10
4127,-10
4128,-10
4129,100
4130,100
4131,-10
4132,100
4133,-10
4134,-10
4135,100
4136,100
4137,100
4138,100
4139,-10
4140,-10
4141,-10
4142,100
4143,100
4144,100
4145,-10
4146,100
4147,100
4148,-10
4149,100
4150,-10
4151,-10
4152,100
4153,100
4154,100
4155,-10
4156,-10
4157,100
4158,100
4159,-10
4160,100
4161,100
4162,100
4163,100
4164,100
4165,-10
4166,-10
4167,-10
4168,100
4169,-10
4170,100
4171,100
4172,-10
4173,-10
4174,100
4175,100
4176,-10
4177,100
4178,-10
4179,100
4180,100
4181,-10
4182,100
4183,-10
4184,100
4185,100
4186,100
4187,100
4188,100
4189,100
4190,100
4191,100
4192,100
4193,100
4194,-10
4195,-10
4196,100
4197,100
4198,100
4199,100
4200,100
4201,100
4202,-10
4203,100
4204,-10
4205,100
4206,100
4207,100
4208,-10
4209,-10
4210,100
4211,100
4212,-10
4213,100
4214,100
4215,100
4216,-10
4217,100
4218,100
4219,-10
4220,-10
4221,-10
4222,100
4223,100
4224,100
4225,100
4226,100
4227,100
4228,100
4229,100
4230,-10
4231,100
4232,100
4233,-10
4234,-10
4235,-10
4236,-10
4237,100
4238,100
4239,100
4240,100
4241,100
4242,100
4243,100
4244,-10
4245,-10
4246,100
4247,-10
4248,-10
4249,100
4250,100
4251,100
4252,100
4253,100
4254,100
4255,-10
4256,100
4257,100
4258,100
4259,100
4260,100
4261,100
4262,100
4263,-10
4264,100
4265,100
4266,100
4267,100
4268,100
4269,100
4270,100
4271,-10
4272,-10
4273,100
4274,100
4275,100
4276,-10
4277,-10
4278,100
4279,100
4280,-10
4281,100
4282,100
4283,100
4284,100
4285,100
4286,-10
4287,100
4288,-10
4289,100
4290,-10
4291,-10
4292,-10
4293,100
4294,-10
4295,100
4296,100
4297,-10
4298,-10
4299,100
4300,100
4301,100
4302,-10
4303,-10
4304,100
4305,100
4306,-10
4307,100
4308,100
4309,100
4310,100
4311,100
4312,-10
4313,100
4314,100
4315,100
4316,100
4317,-10
4318,100
4319,-10
4320,100
4321,100
4322,-10
4323,100
4324,-10
4325,100
4326,100
4327,100
4328,-10
4329,100
4330,100
4331,-10
4332,100
4333,-10
4334,100
4335,-10
4336,-10
4337,100
4338,100
4339,-10
4340,100
4341,-10
4342,100
4343,100
4344,100
4345,-10
4346,-10
4347,100
4348,100
4349,-10
4350,100
4351,100
4352,100
4353,100
4354,100
4355,-10
4356,100
4357,100
4358,100
4359,100
4360,100
4361,100
4362,100
4363,100
4364,100
4365,100
4366,100
4367,-10
4368,100
4369,100
4370,100
4371,100
4372,100
4373,-10
4374,100
4375,-10
4376,100
4377,100
4378,100
4379,100
4380,-10
4381,100
4382,100
4383,-10
4384,100
4385,100
4386,100
4387,-10
4388,100
4389,100
4390,100
4391,-10
4392,100
4393,100
4394,100
4395,100
4396,-10
4397,-10
4398,100
4399,-10
4400,100
4401,100
4402,-10
4403,100
4404,-10
4405,100
4406,100
4407,100
4408,100
4409,-10
4410,100
4411,-10
4412,100
4413,-10
4414,100
4415,100
4416,-10
4417,-10
4418,100
4419,100
4420,100
4421,100
4422,100
4423,100
4424,-10
4425,100
4426,-10
4427,100
4428,-10
4429,100
4430,100
4431,100
4432,100
4433,100
4434,100
4435,100
4436,100
4437,-10
4438,-10
4439,-10
4440,-10
4441,-10
4442,100
4443,-10
4444,100
4445,100
4446,100
4447,-10
4448,-10
4449,100
4450,100
4451,-10
4452,100
4453,100
4454,-10
4455,100
4456,-10
4457,100
4458,100
4459,100
4460,100
4461,-10
4462,100
4463,100
4464,-10
4465,-10
4466,100
4467,100
4468,100
4469,100
4470,100
4471,100
4472,100
4473,100
4474,-10
4475,100
4476,100
4477,100
4478,-10
4479,100
4480,-10
4481,-10
4482,100
4483,-10
4484,100
4485,100
4486,-10
4487,100
4488,-10
4489,100
4490,100
4491,100
4492,100
4493,100
4494,-10
4495,-10
4496,-10
4497,100
4498,100
4499,100
4500,-10
4501,-10
4502,-10
4503,-10
4504,-10
4505,100
4506,100
4507,100
4508,100
4509,-10
4510,100
4511,-10
4512,100
4513,100
4514,100
4515,-10
4516,-10
4517,100
4518,-10
4519,100
4520,100
4521,-10
4522,-10
4523,100
4524,100
4525,-10
4526,-10
4527,100
4528,100
4529,-10
4530,-10
4531,-10
4532,100
4533,100
4534,-10
4535,-10
4536,100
4537,100
4538,-10
4539,-10
4540,-10
4541,-10
4542,100
4543,100
4544,-10
4545,-10
4546,100
4547,-10
4548,-10
4549,100
4550,100
4551,100
4552,100
4553,-10
4554,100
4555,100
4556,-10
4557,100
4558,-10
4559,100
4560,100
4561,100
4562,100
4563,100
4564,100
4565,100
4566,100
4567,-10
4568,-10
4569,100
4570,-10
4571,-10
4572,-10
4573,100
4574,-10
4575,-10
4576,-10
4577,100
4578,100
4579,-10
4580,-10
4581,100
4582,-10
4583,100
4584,100
4585,-10
4586,100
4587,-10
4588,100
4589,-10
4590,100
4591,-10
4592,100
4593,-10
4594,100
4595,-10
4596,100
4597,100
4598,100
4599,-10
4600,-10
4601,-10
4602,-10
4603,100
4604,-10
4605,100
4606,-10
4607,100
4608,100
4609,100
4610,-10
4611,100
4612,100
4613,-10
4614,-10
4615,-10
4616,100
4617,100
4618,100
4619,-10
4620,-10
4621,100
4622,100
4623,-10
4624,100
4625,100
4626,-10
4627,100
4628,100
4629,-10
4630,100
4631,-10
4632,100
4633,100
4634,100
4635,100
4636,-10
4637,100
4638,-10
4639,100
4640,-10
4641,-10
4642,-10
4643,100
4644,100
4645,100
4646,-10
4647,100
4648,-10
4649,100
4650,-10
4651,100
4652,100
4653,-10
4654,100
4655,100
4656,-10
4657,-10
4658,100
4659,-10
4660,100
4661,100
4662,-10
4663,-10
4664,100
4665,100
4666,100
4667,100
4668,-10
4669,100
4670,100
4671,100
4672,-10
4673,100
4674,-10
4675,-10
4676,-10
4677,-10
4678,100
4679,100
4680,100
4681,-10
4682,100
4683,100
4684,-10
4685,100
4686,-10
4687,100
4688,100
4689,100
4690,100
4691,-10
4692,100
4693,100
4694,-10
4695,100
4696,-10
4697,-10
4698,-10
4699,-10
4700,100
4701,-10
4702,100
4703,100
4704,-10
4705,100
4706,100
4707,-10
4708,-10
4709,100
4710,-10
4711,-10
4712,-10
4713,100
4714,-10
4715,100
4716,-10
4717,100
4718,100
4719,-10
4720,-10
4721,-10
4722,-10
4723,-10
4724,100
4725,-10
4726,100
4727,-10
4728,100
4729,100
4730,100
4731,-10
4732,-10
4733,-10
4734,-10
4735,100
4736,100
4737,100
4738,-10
4739,100
4740,-10
4741,100
4742,100
4743,100
4744,100
4745,100
4746,-10
4747,100
4748,100
4749,-10
4750,-10
4751,100
4752,-10
4753,-10
4754,-10
4755,-10
4756,100
4757,100
4758,100
4759,-10
4760,-10
4761,-10
4762,100
4763,-10
4764,-10
4765,-10
4766,100
4767,-10
4768,-10
4769,100
4770,100
4771,-10
4772,-10
4773,100
4774,100
4775,-10
4776,100
4777,-10
4778,-10
4779,-10
4780,-10
4781,-10
4782,100
4783,-10
4784,-10
4785,100
4786,100
4787,100
4788,100
4789,100
4790,-10
4791,-10
4792,100
4793,-10
4794,100
4795,-10
4796,-10
4797,-10
4798,-10
4799,100
4800,-10
4801,-10
4802,-10
4803,100
4804,-10
4805,100
4806,100
4807,100
4808,100
4809,-10
4810,100
4811,-10
4812,100
4813,100
4814,-10
4815,100
4816,100
4817,-10
4818,100
4819,100
4820,-10
4821,100
4822,-10
4823,100
4824,100
4825,100
4826,-10
4827,100
4828,-10
4829,-10
4830,-10
4831,100
4832,-10
4833,100
4834,-10
4835,-10
4836,100
4837,100
4838,-10
4839,100
4840,100
4841,-10
4842,100
4843,100
4844,100
4845,100
4846,-10
4847,100
4848,-10
4849,-10
4850,100
4851,-10
4852,100
4853,100
4854,100
4855,100
4856,100
4857,-10
4858,-10
4859,100
4860,-10
4861,100
4862,100
4863,100
4864,-10
4865,-10
4866,100
4867,100
4868,100
4869,-10
4870,-10
4871,-10
4872,100
4873,-10
4874,100
4875,-10
4876,100
4877,100
4878,-10
4879,100
4880,100
4881,-10
4882,100
4883,-10
4884,100
4885,-10
4886,100
4887,100
4888,-10
4889,100
4890,100
4891,-10
4892,100
4893,-10
4894,-10
4895,-10
4896,-10
4897,-10
4898,-10
4899,100
4900,-10
4901,100
4902,-10
4903,-10
4904,100
4905,-10
4906,-10
4907,-10
4908,100
4909,100
4910,-10
4911,100
4912,100
4913,100
4914,-10
4915,-10
4916,100
4917,100
4918,-10
4919,100
4920,100
4921,-10
4922,-10
4923,-10
4924,-10
4925,-10
4926,100
4927,100
4928,-10
4929,-10
4930,100
4931,-10
4932,-10
4933,-10
4934,100
4935,100
4936,100
4937,-10
4938,-10
4939,-10
4940,100
4941,-10
4942,100
4943,100
4944,-10
4945,100
4946,-10
4947,-10
4948,-10
4949,-10
4950,-10
4951,-10
4952,100
4953,100
4954,-10
4955,100
4956,-10
4957,100
4958,-10
4959,-10
4960,100
4961,-10
4962,-10
4963,-10
4964,-10
4965,-10
4966,100
4967,-10
4968,-10
4969,-10
4970,100
4971,-10
4972,100
4973,-10
4974,-10
4975,100
4976,-10
4977,-10
4978,100
4979,-10
4980,100
4981,-10
4982,-10
4983,100
4984,-10
4985,100
4986,100
4987,100
4988,-10
4989,100
4990,-10
4991,-10
4992,100
4993,-10
4994,-10
4995,100
4996,-10
4997,100
4998,-10
4999,-10
5000,100
5001,100
5002,-10
5003,-10
5004,-10
5005,100
5006,100
5007,-10
5008,-10
5009,100
5010,-10
5011,-10
5012,100
5013,-10
5014,-10
5015,100
5016,100
5017,100
5018,-10
5019,100
5020,-10
5021,-10
5022,-10
5023,-10
5024,-10
5025,-10
5026,100
5027,100
5028,100
5029,-10
5030,-10
5031,-10
5032,-10
5033,-10
5034,100
5035,100
5036,100
5037,100
5038,100
5039,-10
5040,-10
5041,-10
5042,-10
5043,100
5044,-10
5045,-10
5046,-10
5047,-10
5048,-10
5049,-10
5050,-10
5051,-10
5052,100
5053,-10
5054,-10
5055,100
5056,-10
5057,100
5058,-10
5059,100
5060,-10
5061,-10
5062,-10
5063,-10
5064,100
5065,-10
5066,-10
5067,-10
5068,-10
5069,100
5070,-10
5071,-10
5072,-10
5073,-10
5074,-10
5075,-10
5076,-10
5077,-10
5078,-10
5079,-10
5080,-10
5081,-10
5082,100
5083,-10
5084,-10
5085,100
5086,-10
5087,-10
5088,100
5089,-10
5090,-10
5091,-10
5092,-10
5093,-10
5094,-10
5095,100
5096,-10
5097,-10
5098,-10
5099,100
5100,-10
5101,100
5102,100
5103,-10
5104,-10
5105,-10
5106,-10
5107,100
5108,-10
5109,-10
5110,-10
5111,-10
5112,-10
5113,100
5114,100
5115,100
5116,100
5117,-10
5118,100
5119,-10
5120,-10
5121,-10
5122,-10
5123,100
5124,-10
5125,100
5126,-10
5127,-10
5128,100
5129,-10
5130,-10
5131,100
5132,-10
5133,-10
5134,-10
5135,-10
5136,100
5137,-10
5138,100
5139,-10
5140,-10
5141,-10
5142,-10
5143,-10
5144,-10
5145,-10
5146,-10
5147,-10
5148,-10
5149,-10
5150,-10
5151,-10
5152,100
5153,100
5154,-10
5155,-10
5156,-10
5157,-10
5158,-10
5159,100
5160,-10
5161,-10
5162,-10
5163,100
5164,-10
5165,-10
5166,100
5167,-10
5168,100
5169,-10
5170,-10
5171,-10
5172,-10
5173,-10
5174,-10
5175,-10
5176,-10
5177,-10
5178,-10
5179,-10
5180,100
5181,-10
5182,-10
5183,-10
5184,100
5185,-10
5186,-10
5187,100
5188,-10
5189,100
5190,-10
5191,-10
5192,-10
5193,100
5194,100
5195,100
5196,-10
5197,-10
5198,-10
5199,100
5200,-10
5201,-10
5202,-10
5203,-10
5204,-10
5205,-10
5206,-10
5207,100
5208,100
5209,-10
5210,-10
5211,100
5212,100
5213,100
5214,-10
5215,100
5216,-10
5217,-10
5218,100
5219,-10
5220,-10
5221,-10
5222,100
5223,-10
5224,100
5225,-10
5226,-10
5227,-10
5228,-10
5229,-10
5230,100
5231,100
5232,100
5233,-10
5234,100
5235,-10
5236,100
5237,-10
5238,100
5239,-10
5240,100
5241,-10
5242,100
5243,-10
5244,-10
5245,100
5246,-10
5247,-10
5248,-10
5249,-10
5250,100
5251,-10
5252,-10
5253,-10
5254,-10
5255,-10
5256,100
5257,-10
5258,-10
5259,100
5260,-10
5261,100
5262,-10
5263,100
5264,-10
5265,-10
5266,-10
5267,-10
5268,-10
5269,100
5270,-10
5271,-10
5272,-10
5273,100
5274,-10
5275,100
5276,-10
5277,-10
5278,-10
5279,-10
5280,-10
5281,100
5282,100
5283,100
5284,-10
5285,-10
5286,-10
5287,-10
5288,-10
5289,-10
5290,-10
5291,-10
5292,100
5293,-10
5294,-10
5295,-10
5296,100
5297,-10
5298,-10
5299,-10
5300,-10
5301,-10
5302,-10
5303,-10
5304,-10
5305,-10
5306,-10
5307,-10
5308,-10
5309,-10
5310,-10
5311,-10
5312,-10
5313,-10
5314,-10
5315,-10
5316,100
5317,100
5318,-10
5319,-10
5320,-10
5321,100
5322,-10
5323,100
5324,-10
5325,100
5326,-10
5327,-10
5328,-10
5329,100
5330,-10
5331,-10
5332,100
5333,-10
5334,-10
5335,-10
5336,100
5337,100
5338,-10
5339,-10
5340,-10
5341,-10
5342,100
5343,-10
5344,-10
5345,-10
5346,-10
5347,-10
5348,-10
5349,-10
5350,100
5351,-10
5352,-10
5353,100
5354,-10
5355,-10
5356,-10
5357,-10
5358,-10
5359,-10
5360,-10
5361,-10
5362,100
5363,100
5364,-10
5365,-10
5366,100
5367,100
5368,-10
5369,-10
5370,-10
5371,-10
5372,-10
5373,-10
5374,-10
5375,-10
5376,-10
5377,100
5378,-10
5379,-10
5380,-10
5381,100
5382,-10
5383,-10
5384,100
5385,-10
5386,-10
5387,-10
5388,100
5389,-10
5390,-10
5391,100
5392,100
5393,-10
5394,100
5395,100
5396,-10
5397,-10
5398,-10
5399,-10
5400,-10
5401,-10
5402,-10
5403,100
5404,100
5405,-10
5406,-10
5407,100
5408,100
5409,-10
5410,-10
5411,-10
5412,-10
5413,-10
5414,100
5415,-10
5416,-10
5417,-10
5418,-10
5419,-10
5420,-10
5421,100
5422,-10
5423,-10
5424,-10
5425,-10
5426,-10
5427,-10
5428,100
5429,100
5430,-10
5431,100
5432,-10
5433,-10
5434,-10
5435,100
5436,-10
5437,-10
5438,-10
5439,-10
5440,-10
5441,100
5442,-10
5443,-10
5444,-10
5445,-10
5446,-10
5447,-10
5448,-10
5449,-10
5450,-10
5451,-10
5452,100
5453,-10
5454,-10
5455,-10
5456,-10
5457,-10
5458,-10
5459,-10
5460,-10
5461,-10
5462,-10
5463,-10
5464,100
5465,-10
5466,-10
5467,-10
5468,100
5469,100
5470,-10
5471,-10
5472,100
5473,100
5474,-10
5475,-10
5476,100
5477,-10
5478,-10
5479,-10
5480,-10
5481,-10
5482,-10
5483,-10
5484,-10
5485,-10
5486,-10
5487,-10
5488,-10
5489,-10
5490,-10
5491,-10
5492,-10
5493,-10
5494,-10
5495,-10
5496,-10
5497,-10
5498,-10
5499,100
5500,-10
5501,-10
5502,-10
5503,-10
5504,-10
5505,-10
5506,-10
5507,100
5508,-10
5509,-10
5510,100
5511,100
5512,100
5513,100
5514,100
5515,-10
5516,-10
5517,-10
5518,100
5519,-10
5520,-10
5521,-10
5522,100
5523,-10
5524,-10
5525,-10
5526,-10
5527,100
5528,-10
5529,-10
5530,100
5531,-10
5532,-10
5533,-10
5534,100
5535,-10
5536,-10
5537,-10
5538,-10
5539,-10
5540,-10
5541,-10
5542,100
5543,-10
5544,-10
5545,100
5546,100
5547,-10
5548,-10
5549,-10
5550,-10
5551,-10
5552,-10
5553,-10
5554,-10
5555,-10
5556,-10
5557,-10
5558,-10
5559,-10
5560,-10
5561,100
5562,-10
5563,100
5564,100
5565,100
5566,-10
5567,-10
5568,-10
5569,-10
5570,-10
5571,-10
5572,-10
5573,-10
5574,-10
5575,-10
5576,-10
5577,-10
5578,100
5579,100
5580,-10
5581,-10
5582,100
5583,100
5584,-10
5585,-10
5586,-10
5587,-10
5588,-10
5589,-10
5590,-10
5591,-10
5592,-10
5593,-10
5594,100
5595,100
5596,-10
5597,-10
5598,100
5599,-10
5600,-10
5601,-10
5602,-10
5603,-10
5604,-10
5605,-10
5606,-10
5607,-10
5608,100
5609,-10
5610,-10
5611,-10
5612,-10
5613,100
5614,-10
5615,-10
5616,-10
5617,-10
5618,-10
5619,-10
5620,-10
5621,-10
5622,-10
5623,-10
5624,100
5625,100
5626,-10
5627,-10
5628,-10
5629,-10
5630,-10
5631,100
5632,-10
5633,-10
5634,100
5635,100
5636,-10
5637,100
5638,-10
5639,-10
5640,-10
5641,-10
5642,-10
5643,-10
5644,100
5645,-10
5646,-10
5647,-10
5648,-10
5649,-10
5650,-10
5651,-10
5652,-10
5653,100
5654,-10
5655,-10
5656,-10
5657,-10
5658,-10
5659,-10
5660,-10
5661,100
5662,-10
5663,-10
5664,-10
5665,-10
5666,-10
5667,-10
5668,100
5669,100
5670,-10
5671,-10
5672,100
5673,-10
5674,-10
5675,-10
5676,-10
5677,-10
5678,-10
5679,-10
5680,-10
5681,100
5682,-10
5683,100
5684,100
5685,100
5686,100
5687,-10
5688,-10
5689,-10
5690,-10
5691,-10
5692,-10
5693,-10
5694,-10
5695,100
5696,-10
5697,100
5698,-10
5699,-10
5700,100
5701,-10
5702,-10
5703,100
5704,-10
5705,-10
5706,-10
5707,-10
5708,-10
5709,-10
5710,-10
5711,-10
5712,-10
5713,-10
5714,-10
5715,-10
5716,-10
5717,-10
5718,-10
5719,-10
5720,100
5721,-10
5722,100
5723,100
5724,-10
5725,100
5726,-10
5727,-10
5728,-10
5729,-10
5730,-10
5731,-10
5732,-10
5733,-10
5734,-10
5735,-10
5736,-10
5737,-10
5738,-10
5739,-10
5740,-10
5741,-10
5742,-10
5743,100
5744,-10
5745,-10
5746,-10
5747,-10
5748,-10
5749,-10
5750,-10
5751,-10
5752,-10
5753,-10
5754,-10
5755,-10
5756,-10
5757,100
5758,-10
5759,-10
5760,-10
5761,-10
5762,-10
5763,-10
5764,100
5765,-10
5766,-10
5767,-10
5768,100
5769,-10
5770,100
5771,100
5772,-10
5773,-10
5774,100
5775,-10
5776,-10
5777,-10
5778,-10
5779,-10
5780,-10
5781,-10
5782,100
5783,100
5784,-10
5785,-10
5786,-10
5787,-10
5788,100
5789,-10
5790,-10
5791,-10
5792,-10
5793,-10
5794,-10
5795,100
5796,-10
5797,100
5798,100
5799,-10
5800,-10
5801,-10
5802,-10
5803,-10
5804,-10
5805,-10
5806,-10
5807,-10
5808,100
5809,100
5810,-10
5811,-10
5812,-10
5813,-10
5814,-10
5815,-10
5816,-10
5817,100
5818,100
5819,-10
5820,-10
5821,-10
5822,100
5823,-10
5824,-10
5825,-10
5826,-10
5827,100
5828,-10
5829,-10
5830,-10
5831,100
5832,100
5833,-10
5834,-10
5835,-10
5836,-10
5837,100
5838,-10
5839,-10
5840,-10
5841,100
5842,-10
5843,-10
5844,-10
5845,-10
5846,-10
5847,-10
5848,-10
5849,-10
5850,-10
5851,-10
5852,-10
5853,100
5854,100
5855,-10
5856,-10
5857,-10
5858,-10
5859,-10
5860,-10
5861,-10
5862,-10
5863,-10
5864,-10
5865,100
5866,-10
5867,-10
5868,-10
5869,-10
5870,-10
5871,-10
5872,-10
5873,-10
5874,100
5875,-10
5876,100
5877,-10
5878,100
5879,-10
5880,-10
5881,-10
5882,100
5883,100
5884,-10
5885,-10
5886,100
5887,-10
5888,-10
5889,100
5890,100
5891,-10
5892,-10
5893,100
5894,-10
5895,-10
5896,-10
5897,-10
5898,-10
5899,-10
5900,-10
5901,100
5902,-10
5903,-10
5904,-10
5905,-10
5906,-10
5907,-10
5908,100
5909,-10
5910,-10
5911,100
5912,-10
5913,-10
5914,100
5915,100
5916,100
5917,-10
5918,-10
5919,-10
5920,-10
5921,100
5922,100
5923,100
5924,-10
5925,-10
5926,-10
5927,-10
5928,100
5929,-10
5930,-10
5931,-10
5932,100
5933,-10
5934,-10
5935,-10
5936,-10
5937,-10
5938,-10
5939,-10
5940,-10
5941,-10
5942,-10
5943,-10
5944,100
5945,100
5946,-10
5947,100
5948,-10
5949,-10
5950,100
5951,-10
5952,-10
5953,-10
5954,-10
5955,-10
5956,-10
5957,-10
5958,-10
5959,-10
5960,-10
5961,-10
5962,-10
5963,-10
5964,100
5965,-10
5966,100
5967,-10
5968,-10
5969,-10
5970,-10
5971,100
5972,100
5973,-10
5974,-10
5975,-10
5976,-10
5977,100
5978,-10
5979,100
5980,-10
5981,100
5982,100
5983,-10
5984,-10
5985,-10
5986,-10
5987,-10
5988,100
5989,-10
5990,100
5991,100
5992,100
5993,-10
5994,-10
5995,-10
5996,-10
5997,-10
5998,100
5999,-10
