episode,scores,steps
0,-10,158
1,-10,211
2,-10,239
3,-10,285
4,-10,323
5,-10,351
6,-10,542
7,-10,729
8,-10,744
9,-10,759
10,-10,800
11,-10,968
12,-10,1218
13,-10,1468
14,100,1602
15,-10,1610
16,-10,1620
17,-10,1847
18,-10,2097
19,-10,2347
20,-10,2596
21,-10,2748
22,-10,2762
23,-10,2784
24,-10,2792
25,-10,3042
26,-10,3174
27,-10,3185
28,-10,3212
29,-10,3228
30,-10,3284
31,-10,3324
32,-10,3410
33,-10,3431
34,-10,3549
35,-10,3704
36,-10,3743
37,-10,3759
38,100,3798
39,-10,4048
40,-10,4076
41,-10,4178
42,-10,4236
43,-10,4352
44,-10,4383
45,-10,4490
46,-10,4569
47,-10,4594
48,-10,4685
49,-10,4720
50,-10,4746
51,-10,4758
52,100,4767
53,-10,4779
54,-10,4791
55,-10,4805
56,-10,4820
57,-10,4831
58,-10,4841
59,-10,4852
60,-10,5102
61,-10,5115
62,-10,5128
63,-10,5281
64,-10,5486
65,-10,5645
66,-10,5671
67,100,5688
68,-10,5725
69,-10,5834
70,100,5973
71,-10,6223
72,-10,6343
73,-10,6378
74,-10,6514
75,-10,6764
76,-10,7013
77,100,7060
78,-10,7125
79,100,7242
80,-10,7420
81,-10,7670
82,-10,7742
83,-10,7784
84,-10,8034
85,-10,8262
86,-10,8318
87,-10,8359
88,-10,8454
89,-10,8540
90,-10,8549
91,100,8554
92,-10,8568
93,-10,8584
94,-10,8594
95,-10,8605
96,-10,8615
97,-10,8630
98,-10,8643
99,-10,8655
100,-10,8675
101,-10,8689
102,-10,8702
103,-10,8719
104,-10,8749
105,-10,8759
106,-10,8775
107,-10,8794
108,-10,8805
109,100,8815
110,-10,8845
111,-10,8868
112,-10,8907
113,-10,8935
114,-10,8975
115,-10,8993
116,-10,9087
117,-10,9125
118,-10,9135
119,-10,9146
120,-10,9168
121,100,9178
122,-10,9192
123,-10,9205
124,-10,9215
125,-10,9226
126,-10,9237
127,-10,9267
128,-10,9313
129,-10,9321
130,-10,9331
131,-10,9341
132,-10,9351
133,100,9380
134,100,9392
135,-10,9401
136,-10,9517
137,-10,9567
138,-10,9674
139,100,9687
140,-10,9698
141,-10,9710
142,-10,9723
143,-10,9735
144,-10,9744
145,-10,9757
146,-10,9767
147,100,9788
148,-10,9809
149,-10,9817
150,-10,9846
151,-10,9862
152,-10,9873
153,-10,9884
154,-10,9892
155,-10,9910
156,-10,9921
157,-10,9931
158,-10,9938
159,-10,9952
160,-10,9963
161,-10,9984
162,100,9997
163,-10,10013
164,-10,10184
165,-10,10210
166,-10,10233
167,-10,10263
168,-10,10272
169,-10,10281
170,-10,10309
171,-10,10318
172,-10,10331
173,-10,10357
174,-10,10402
175,-10,10420
176,-10,10563
177,100,10585
178,-10,10597
179,-10,10611
180,-10,10619
181,-10,10656
182,-10,10689
183,-10,10697
184,-10,10714
185,100,10747
186,-10,10753
187,-10,10762
188,-10,10783
189,-10,10802
190,-10,10809
191,-10,10834
192,-10,10851
193,-10,10882
194,-10,10914
195,-10,10922
196,-10,10936
197,-10,10946
198,-10,10962
199,-10,10972
200,-10,11035
201,-10,11049
202,-10,11073
203,-10,11323
204,-10,11386
205,-10,11419
206,-10,11428
207,-10,11452
208,-10,11460
209,-10,11488
210,-10,11500
211,-10,11523
212,-10,11534
213,-10,11542
214,-10,11555
215,-10,11562
216,-10,11585
217,-10,11603
218,-10,11651
219,-10,11659
220,-10,11674
221,-10,11680
222,-10,11735
223,-10,11743
224,-10,11784
225,-10,11805
226,-10,11816
227,-10,11850
228,-10,11895
229,-10,11907
230,-10,11918
231,-10,11947
232,-10,11954
233,-10,11988
234,-10,11997
235,-10,12015
236,-10,12031
237,-10,12053
238,-10,12081
239,-10,12109
240,-10,12133
241,-10,12151
242,-10,12166
243,-10,12182
244,-10,12189
245,-10,12196
246,-10,12215
247,-10,12238
248,-10,12251
249,-10,12272
250,-10,12283
251,-10,12303
252,-10,12320
253,100,12331
254,-10,12350
255,-10,12372
256,-10,12383
257,100,12417
258,-10,12433
259,100,12466
260,100,12482
261,-10,12490
262,-10,12499
263,100,12516
264,-10,12551
265,100,12590
266,-10,12603
267,-10,12689
268,100,12712
269,-10,12732
270,100,12749
271,-10,12773
272,-10,12799
273,-10,12807
274,-10,12819
275,-10,12834
276,100,12893
277,-10,12917
278,-10,13031
279,-10,13103
280,-10,13111
281,-10,13115
282,-10,13148
283,100,13203
284,-10,13241
285,100,13252
286,-10,13263
287,-10,13289
288,100,13309
289,-10,13322
290,-10,13343
291,-10,13361
292,-10,13378
293,-10,13399
294,-10,13407
295,100,13417
296,-10,13437
297,-10,13449
298,100,13458
299,100,13481
300,-10,13495
301,-10,13527
302,-10,13541
303,-10,13560
304,100,13561
305,-10,13573
306,-10,13583
307,-10,13601
308,-10,13622
309,-10,13645
310,-10,13655
311,-10,13669
312,-10,13681
313,-10,13691
314,-10,13709
315,-10,13727
316,-10,13762
317,-10,13777
318,-10,13797
319,-10,13816
320,-10,13843
321,-10,13857
322,-10,13868
323,-10,13899
324,-10,13917
325,-10,13923
326,-10,13941
327,-10,13957
328,-10,13971
329,-10,13994
330,-10,14002
331,-10,14014
332,-10,14021
333,-10,14037
334,-10,14054
335,-10,14063
336,-10,14077
337,-10,14091
338,-10,14102
339,-10,14115
340,-10,14131
341,-10,14144
342,-10,14154
343,-10,14170
344,-10,14186
345,-10,14202
346,-10,14214
347,-10,14234
348,-10,14242
349,-10,14249
350,100,14273
351,-10,14288
352,-10,14301
353,-10,14325
354,-10,14345
355,100,14355
356,-10,14367
357,-10,14378
358,-10,14394
359,-10,14413
360,100,14436
361,-10,14458
362,100,14472
363,-10,14485
364,-10,14493
365,-10,14508
366,-10,14518
367,-10,14532
368,100,14559
369,100,14576
370,-10,14592
371,-10,14600
372,-10,14612
373,-10,14646
374,-10,14660
375,-10,14668
376,100,14692
377,-10,14706
378,-10,14718
379,-10,14726
380,-10,14735
381,-10,14745
382,100,14755
383,-10,14769
384,100,14821
385,100,14822
386,-10,14833
387,-10,14858
388,-10,14879
389,-10,14902
390,-10,14910
391,-10,14919
392,-10,14927
393,-10,14935
394,100,14968
395,-10,14980
396,-10,14996
397,-10,15004
398,-10,15019
399,-10,15028
400,-10,15038
401,100,15066
402,-10,15080
403,-10,15094
404,-10,15101
405,-10,15110
406,-10,15128
407,100,15134
408,-10,15141
409,-10,15169
410,-10,15176
411,-10,15195
412,100,15218
413,-10,15237
414,-10,15245
415,-10,15255
416,100,15265
417,-10,15276
418,-10,15287
419,-10,15312
420,100,15328
421,100,15349
422,100,15362
423,-10,15375
424,-10,15421
425,-10,15444
426,-10,15453
427,100,15471
428,-10,15487
429,100,15514
430,-10,15522
431,-10,15529
432,-10,15558
433,-10,15570
434,-10,15581
435,100,15600
436,-10,15612
437,-10,15621
438,-10,15637
439,-10,15655
440,100,15656
441,-10,15681
442,-10,15707
443,-10,15721
444,-10,15733
445,-10,15747
446,-10,15754
447,-10,15765
448,-10,15775
449,-10,15797
450,-10,15812
451,-10,15826
452,-10,15836
453,-10,15848
454,-10,15858
455,-10,15869
456,100,15879
457,-10,15893
458,-10,15974
459,-10,15996
460,-10,16024
461,-10,16039
462,100,16077
463,-10,16139
464,100,16151
465,-10,16165
466,-10,16177
467,-10,16203
468,100,16220
469,-10,16235
470,-10,16248
471,-10,16255
472,-10,16296
473,-10,16304
474,100,16328
475,100,16356
476,-10,16381
477,100,16416
478,-10,16426
479,-10,16461
480,-10,16469
481,-10,16486
482,-10,16494
483,-10,16509
484,-10,16522
485,-10,16539
486,-10,16546
487,100,16550
488,-10,16605
489,-10,16624
490,100,16657
491,100,16708
492,-10,16738
493,-10,16793
494,-10,16807
495,-10,16827
496,-10,16840
497,-10,16852
498,-10,16891
499,-10,16916
500,100,16942
501,-10,16968
502,-10,16979
503,-10,16995
504,-10,17005
505,-10,17013
506,-10,17033
507,100,17070
508,100,17105
509,100,17120
510,100,17154
511,-10,17161
512,100,17176
513,-10,17212
514,100,17226
515,-10,17235
516,-10,17252
517,-10,17264
518,-10,17294
519,-10,17300
520,-10,17344
521,-10,17362
522,-10,17370
523,100,17397
524,100,17398
525,-10,17430
526,100,17452
527,-10,17465
528,-10,17474
529,100,17491
530,100,17503
531,100,17532
532,-10,17543
533,-10,17552
534,-10,17576
535,100,17607
536,-10,17620
537,-10,17628
538,-10,17643
539,-10,17651
540,100,17676
541,-10,17707
542,-10,17751
543,-10,17762
544,-10,17772
545,100,17782
546,100,17802
547,-10,17825
548,100,17836
549,100,17865
550,100,17877
551,-10,17886
552,-10,17903
553,-10,17915
554,100,17926
555,-10,17940
556,-10,17965
557,-10,17974
558,100,18002
559,-10,18027
560,-10,18054
561,-10,18082
562,-10,18090
563,100,18101
564,-10,18117
565,100,18137
566,-10,18158
567,-10,18178
568,100,18196
569,100,18214
570,-10,18247
571,-10,18257
572,-10,18266
573,100,18291
574,-10,18305
575,-10,18316
576,-10,18327
577,-10,18337
578,-10,18351
579,-10,18381
580,-10,18392
581,-10,18402
582,-10,18412
583,100,18434
584,-10,18460
585,100,18478
586,-10,18507
587,-10,18524
588,-10,18540
589,-10,18549
590,-10,18565
591,-10,18578
592,-10,18604
593,-10,18612
594,100,18637
595,-10,18650
596,-10,18686
597,100,18711
598,-10,18725
599,100,18756
600,-10,18767
601,-10,18776
602,100,18804
603,-10,18814
604,100,18835
605,-10,18863
606,100,18909
607,-10,18921
608,100,18938
609,-10,18976
610,-10,19004
611,-10,19029
612,100,19071
613,-10,19087
614,-10,19096
615,-10,19104
616,-10,19118
617,100,19164
618,-10,19171
619,100,19201
620,100,19232
621,100,19265
622,-10,19295
623,-10,19309
624,100,19335
625,100,19357
626,-10,19367
627,-10,19383
628,-10,19393
629,100,19405
630,100,19419
631,-10,19436
632,100,19479
633,100,19490
634,-10,19502
635,-10,19515
636,-10,19525
637,100,19538
638,-10,19550
639,100,19571
640,100,19583
641,-10,19596
642,100,19621
643,-10,19631
644,100,19642
645,-10,19653
646,100,19669
647,-10,19681
648,-10,19696
649,100,19711
650,-10,19720
651,-10,19736
652,-10,19757
653,100,19777
654,-10,19791
655,100,19813
656,-10,19820
657,-10,19835
658,-10,19857
659,100,19870
660,-10,19892
661,-10,19900
662,-10,19912
663,100,19934
664,-10,19942
665,-10,19965
666,-10,19978
667,-10,19996
668,-10,20014
669,-10,20057
670,-10,20079
671,-10,20089
672,100,20100
673,-10,20109
674,-10,20116
675,-10,20123
676,-10,20150
677,-10,20170
678,100,20179
679,100,20201
680,-10,20218
681,100,20249
682,100,20267
683,-10,20275
684,-10,20287
685,-10,20328
686,-10,20353
687,100,20363
688,-10,20379
689,100,20409
690,100,20429
691,100,20490
692,100,20498
693,100,20530
694,100,20544
695,100,20559
696,-10,20567
697,100,20584
698,-10,20597
699,-10,20612
700,100,20638
701,100,20643
702,100,20660
703,-10,20667
704,100,20700
705,-10,20709
706,100,20731
707,-10,20742
708,100,20757
709,-10,20791
710,-10,20812
711,-10,20824
712,100,20843
713,-10,20857
714,-10,20874
715,-10,20894
716,-10,20910
717,-10,20918
718,-10,20931
719,100,20950
720,-10,20967
721,-10,20978
722,-10,20990
723,-10,20999
724,-10,21025
725,-10,21039
726,100,21050
727,-10,21064
728,-10,21096
729,100,21126
730,-10,21146
731,100,21172
732,-10,21184
733,-10,21209
734,-10,21236
735,-10,21257
736,-10,21279
737,100,21294
738,100,21314
739,100,21325
740,100,21347
741,-10,21359
742,100,21370
743,100,21380
744,-10,21390
745,-10,21397
746,-10,21405
747,-10,21419
748,-10,21430
749,100,21458
750,100,21474
751,100,21485
752,-10,21500
753,100,21520
754,-10,21531
755,-10,21548
756,100,21562
757,-10,21574
758,-10,21587
759,-10,21599
760,-10,21615
761,-10,21645
762,-10,21659
763,100,21676
764,100,21695
765,-10,21703
766,100,21725
767,-10,21740
768,-10,21749
769,-10,21760
770,-10,21775
771,100,21787
772,-10,21798
773,100,21813
774,-10,21827
775,100,21843
776,100,21862
777,100,21877
778,100,21918
779,100,21935
780,100,21944
781,100,21967
782,-10,21980
783,-10,21993
784,-10,22016
785,100,22051
786,-10,22060
787,100,22079
788,100,22092
789,100,22105
790,100,22119
791,-10,22131
792,100,22153
793,100,22199
794,-10,22208
795,-10,22218
796,-10,22229
797,100,22261
798,-10,22276
799,100,22290
800,-10,22314
801,-10,22330
802,100,22355
803,-10,22363
804,-10,22376
805,100,22393
806,100,22422
807,100,22440
808,-10,22449
809,100,22460
810,100,22491
811,-10,22519
812,100,22531
813,-10,22540
814,-10,22562
815,-10,22579
816,-10,22588
817,100,22614
818,100,22639
819,-10,22657
820,100,22681
821,100,22698
822,100,22718
823,100,22733
824,-10,22746
825,100,22770
826,100,22781
827,-10,22794
828,100,22812
829,100,22826
830,-10,22842
831,100,22849
832,100,22866
833,-10,22876
834,100,22888
835,-10,22900
836,100,22913
837,100,22931
838,-10,22942
839,-10,22974
840,-10,22983
841,-10,22994
842,100,23006
843,100,23023
844,100,23044
845,-10,23057
846,-10,23071
847,100,23113
848,-10,23132
849,-10,23142
850,-10,23153
851,-10,23162
852,-10,23173
853,100,23199
854,-10,23213
855,-10,23240
856,-10,23266
857,-10,23279
858,100,23294
859,-10,23315
860,-10,23324
861,100,23348
862,-10,23362
863,-10,23372
864,-10,23394
865,-10,23405
866,100,23414
867,-10,23439
868,100,23450
869,-10,23477
870,-10,23492
871,-10,23503
872,-10,23519
873,100,23557
874,100,23589
875,100,23604
876,-10,23611
877,100,23643
878,-10,23662
879,-10,23679
880,100,23702
881,-10,23729
882,-10,23739
883,100,23765
884,100,23791
885,100,23806
886,-10,23826
887,-10,23835
888,100,23850
889,-10,23878
890,-10,23892
891,100,23917
892,-10,23926
893,100,24067
894,100,24097
895,-10,24115
896,-10,24125
897,100,24140
898,-10,24149
899,100,24164
900,-10,24185
901,-10,24197
902,100,24210
903,100,24224
904,100,24238
905,-10,24249
906,100,24250
907,-10,24261
908,-10,24273
909,100,24296
910,100,24321
911,-10,24330
912,-10,24341
913,-10,24353
914,-10,24373
915,-10,24390
916,-10,24403
917,100,24418
918,100,24451
919,100,24468
920,-10,24494
921,-10,24502
922,-10,24514
923,-10,24525
924,-10,24535
925,-10,24542
926,-10,24552
927,100,24575
928,-10,24588
929,-10,24614
930,100,24640
931,-10,24648
932,-10,24676
933,-10,24698
934,-10,24719
935,100,24746
936,-10,24754
937,-10,24802
938,-10,24818
939,-10,24830
940,100,24850
941,-10,24880
942,-10,24903
943,-10,24933
944,-10,24964
945,-10,24972
946,100,24978
947,-10,24996
948,100,25035
949,-10,25044
950,-10,25055
951,-10,25067
952,-10,25075
953,-10,25104
954,100,25131
955,-10,25149
956,-10,25171
957,-10,25187
958,100,25209
959,-10,25225
960,100,25235
961,100,25252
962,100,25267
963,100,25273
964,-10,25294
965,100,25307
966,-10,25325
967,100,25343
968,-10,25364
969,-10,25378
970,-10,25388
971,-10,25415
972,100,25427
973,-10,25433
974,-10,25444
975,-10,25461
976,100,25473
977,-10,25488
978,-10,25518
979,100,25537
980,-10,25565
981,-10,25578
982,-10,25598
983,-10,25611
984,-10,25630
985,-10,25638
986,-10,25652
987,-10,25661
988,100,25679
989,-10,25723
990,-10,25735
991,-10,25744
992,100,25794
993,-10,25802
994,-10,25820
995,100,25835
996,-10,25849
997,-10,25890
998,-10,25905
999,100,25930
1000,-10,25941
1001,-10,25962
1002,100,25977
1003,-10,25999
1004,100,26016
1005,-10,26035
1006,-10,26044
1007,-10,26056
1008,-10,26062
1009,-10,26072
1010,-10,26093
1011,-10,26104
1012,-10,26123
1013,100,26136
1014,-10,26183
1015,-10,26204
1016,100,26221
1017,-10,26235
1018,100,26255
1019,-10,26286
1020,100,26301
1021,-10,26318
1022,100,26333
1023,-10,26345
1024,100,26357
1025,-10,26369
1026,-10,26385
1027,-10,26401
1028,-10,26412
1029,-10,26442
1030,100,26470
1031,-10,26488
1032,100,26501
1033,-10,26519
1034,-10,26523
1035,100,26531
1036,-10,26540
1037,100,26552
1038,-10,26581
1039,-10,26588
1040,100,26618
1041,100,26631
1042,100,26643
1043,-10,26658
1044,-10,26682
1045,-10,26697
1046,100,26706
1047,100,26742
1048,-10,26756
1049,100,26774
1050,100,26794
1051,-10,26803
1052,100,26820
1053,-10,26830
1054,-10,26847
1055,100,26851
1056,-10,26873
1057,100,26888
1058,100,26889
1059,100,26903
1060,100,26943
1061,100,26958
1062,100,26982
1063,-10,27011
1064,100,27024
1065,100,27064
1066,-10,27074
1067,-10,27095
1068,-10,27112
1069,-10,27119
1070,100,27149
1071,-10,27160
1072,100,27170
1073,100,27188
1074,-10,27197
1075,100,27216
1076,-10,27225
1077,100,27242
1078,-10,27259
1079,-10,27277
1080,100,27298
1081,-10,27337
1082,100,27378
1083,-10,27396
1084,100,27422
1085,100,27445
1086,100,27464
1087,100,27476
1088,100,27497
1089,100,27535
1090,100,27541
1091,-10,27552
1092,100,27559
1093,-10,27570
1094,100,27594
1095,100,27598
1096,-10,27607
1097,100,27618
1098,-10,27636
1099,-10,27649
1100,-10,27655
1101,-10,27676
1102,-10,27699
1103,-10,27708
1104,-10,27721
1105,100,27742
1106,-10,27752
1107,-10,27759
1108,-10,27773
1109,100,27794
1110,100,27805
1111,100,27813
1112,-10,27821
1113,100,27841
1114,100,27864
1115,100,27877
1116,-10,27886
1117,100,27912
1118,100,27933
1119,-10,27973
1120,-10,27994
1121,-10,28021
1122,-10,28033
1123,-10,28044
1124,100,28065
1125,-10,28075
1126,100,28093
1127,100,28106
1128,-10,28116
1129,100,28136
1130,100,28151
1131,100,28169
1132,-10,28180
1133,-10,28194
1134,100,28204
1135,100,28213
1136,100,28237
1137,100,28247
1138,100,28260
1139,-10,28288
1140,100,28309
1141,100,28326
1142,100,28338
1143,-10,28352
1144,100,28388
1145,100,28397
1146,100,28418
1147,-10,28427
1148,100,28437
1149,-10,28448
1150,-10,28459
1151,100,28478
1152,100,28494
1153,-10,28503
1154,100,28518
1155,100,28528
1156,100,28547
1157,100,28580
1158,100,28588
1159,-10,28596
1160,-10,28605
1161,100,28630
1162,100,28642
1163,100,28662
1164,-10,28670
1165,100,28683
1166,-10,28695
1167,-10,28701
1168,100,28711
1169,100,28731
1170,100,28740
1171,100,28750
1172,-10,28760
1173,-10,28776
1174,100,28795
1175,-10,28803
1176,-10,28811
1177,-10,28822
1178,100,28831
1179,100,28860
1180,-10,28879
1181,100,28886
1182,100,28898
1183,100,28923
1184,100,28924
1185,100,28949
1186,-10,28961
1187,-10,28979
1188,100,28993
1189,-10,29021
1190,-10,29030
1191,-10,29049
1192,-10,29064
1193,-10,29097
1194,-10,29171
1195,100,29188
1196,100,29202
1197,100,29240
1198,-10,29250
1199,-10,29271
1200,-10,29297
1201,100,29304
1202,100,29322
1203,100,29345
1204,-10,29370
1205,-10,29379
1206,-10,29390
1207,100,29414
1208,100,29426
1209,-10,29439
1210,100,29460
1211,100,29480
1212,100,29510
1213,100,29532
1214,-10,29543
1215,-10,29551
1216,-10,29565
1217,100,29580
1218,-10,29598
1219,-10,29610
1220,100,29627
1221,100,29651
1222,100,29670
1223,-10,29682
1224,-10,29699
1225,100,29722
1226,-10,29743
1227,100,29760
1228,100,29769
1229,-10,29789
1230,100,29805
1231,-10,29819
1232,100,29834
1233,100,29859
1234,100,29883
1235,100,29896
1236,-10,29909
1237,100,29920
1238,100,29945
1239,100,29957
1240,-10,29976
1241,-10,29992
1242,100,30030
1243,100,30043
1244,100,30079
1245,100,30095
1246,-10,30124
1247,100,30138
1248,-10,30153
1249,-10,30168
1250,100,30192
1251,100,30222
1252,100,30231
1253,-10,30259
1254,100,30276
1255,100,30303
1256,-10,30322
1257,100,30346
1258,100,30369
1259,-10,30388
1260,-10,30402
1261,-10,30415
1262,-10,30432
1263,100,30450
1264,-10,30461
1265,100,30483
1266,100,30498
1267,100,30516
1268,-10,30527
1269,100,30545
1270,-10,30554
1271,100,30571
1272,100,30601
1273,100,30612
1274,100,30624
1275,100,30643
1276,-10,30681
1277,100,30699
1278,100,30718
1279,-10,30746
1280,-10,30788
1281,100,30800
1282,100,30832
1283,-10,30842
1284,-10,30849
1285,-10,30862
1286,-10,30879
1287,-10,30890
1288,100,30913
1289,100,30938
1290,-10,30962
1291,100,30977
1292,-10,30997
1293,100,31015
1294,100,31027
1295,100,31052
1296,100,31080
1297,-10,31107
1298,100,31119
1299,-10,31145
1300,-10,31172
1301,100,31226
1302,-10,31236
1303,-10,31278
1304,100,31285
1305,100,31296
1306,-10,31307
1307,100,31328
1308,-10,31339
1309,100,31350
1310,-10,31371
1311,-10,31381
1312,100,31400
1313,-10,31439
1314,100,31440
1315,-10,31452
1316,100,31478
1317,100,31500
1318,100,31529
1319,-10,31553
1320,100,31571
1321,-10,31595
1322,-10,31603
1323,100,31634
1324,100,31681
1325,100,31697
1326,100,31712
1327,100,31734
1328,100,31760
1329,100,31774
1330,100,31801
1331,100,31814
1332,100,31836
1333,100,31864
1334,100,31891
1335,-10,31901
1336,100,31936
1337,100,31987
1338,-10,32023
1339,100,32060
1340,-10,32068
1341,-10,32077
1342,100,32095
1343,-10,32103
1344,100,32120
1345,100,32141
1346,-10,32156
1347,100,32163
1348,-10,32195
1349,100,32263
1350,-10,32305
1351,100,32323
1352,100,32340
1353,100,32353
1354,-10,32367
1355,100,32377
1356,100,32385
1357,100,32395
1358,100,32412
1359,100,32419
1360,-10,32449
1361,-10,32460
1362,-10,32492
1363,-10,32506
1364,100,32534
1365,100,32554
1366,100,32570
1367,-10,32595
1368,100,32623
1369,-10,32671
1370,100,32689
1371,-10,32715
1372,100,32733
1373,100,32757
1374,100,32772
1375,-10,32798
1376,100,32823
1377,-10,32832
1378,100,32863
1379,100,32884
1380,100,32901
1381,100,32909
1382,100,32928
1383,-10,32967
1384,100,32995
1385,-10,33011
1386,100,33042
1387,-10,33055
1388,100,33066
1389,100,33086
1390,-10,33101
1391,-10,33111
1392,-10,33141
1393,100,33170
1394,-10,33210
1395,100,33226
1396,100,33263
1397,-10,33296
1398,100,33306
1399,100,33315
1400,100,33325
1401,100,33374
1402,100,33400
1403,100,33429
1404,-10,33446
1405,100,33469
1406,100,33506
1407,100,33533
1408,100,33588
1409,-10,33605
1410,100,33623
1411,100,33634
1412,-10,33672
1413,-10,33704
1414,-10,33741
1415,-10,33774
1416,100,33801
1417,-10,33814
1418,100,33840
1419,100,33855
1420,-10,33864
1421,-10,33910
1422,-10,33932
1423,100,33950
1424,100,33992
1425,100,34049
1426,-10,34080
1427,-10,34089
1428,100,34111
1429,100,34127
1430,-10,34135
1431,-10,34143
1432,100,34176
1433,100,34206
1434,-10,34218
1435,100,34235
1436,100,34288
1437,-10,34297
1438,-10,34331
1439,100,34348
1440,100,34364
1441,100,34376
1442,-10,34393
1443,-10,34409
1444,100,34425
1445,100,34454
1446,100,34488
1447,-10,34502
1448,100,34525
1449,-10,34547
1450,-10,34557
1451,100,34577
1452,100,34591
1453,100,34639
1454,-10,34652
1455,100,34670
1456,100,34690
1457,100,34706
1458,-10,34724
1459,100,34765
1460,-10,34784
1461,-10,34798
1462,100,34815
1463,100,34840
1464,-10,34857
1465,-10,34874
1466,-10,34892
1467,-10,34943
1468,100,34970
1469,100,35018
1470,100,35019
1471,100,35059
1472,-10,35086
1473,-10,35109
1474,-10,35135
1475,100,35160
1476,-10,35185
1477,-10,35211
1478,-10,35229
1479,-10,35243
1480,-10,35259
1481,-10,35272
1482,-10,35288
1483,100,35347
1484,100,35370
1485,-10,35388
1486,100,35410
1487,-10,35429
1488,100,35457
1489,-10,35487
1490,100,35500
1491,100,35523
1492,-10,35539
1493,-10,35556
1494,-10,35580
1495,100,35611
1496,100,35638
1497,100,35665
1498,100,35666
1499,-10,35677
1500,100,35701
1501,100,35711
1502,100,35742
1503,100,35764
1504,-10,35786
1505,-10,35796
1506,100,35820
1507,100,35842
1508,-10,35862
1509,100,35891
1510,100,35902
1511,-10,35913
1512,100,35928
1513,100,35949
1514,100,35974
1515,100,35975
1516,100,35999
1517,-10,36008
1518,-10,36016
1519,100,36034
1520,100,36069
1521,100,36083
1522,-10,36109
1523,100,36123
1524,-10,36150
1525,100,36182
1526,100,36199
1527,100,36222
1528,100,36254
1529,-10,36270
1530,100,36285
1531,-10,36314
1532,100,36327
1533,100,36341
1534,-10,36349
1535,-10,36374
1536,100,36393
1537,100,36405
1538,100,36441
1539,-10,36461
1540,100,36484
1541,100,36513
1542,100,36547
1543,100,36567
1544,100,36598
1545,100,36615
1546,100,36626
1547,100,36667
1548,-10,36702
1549,100,36727
1550,100,36754
1551,100,36776
1552,-10,36811
1553,100,36834
1554,100,36853
1555,100,36878
1556,100,36912
1557,100,36940
1558,100,36968
1559,-10,36982
1560,-10,37012
1561,-10,37026
1562,100,37041
1563,100,37060
1564,100,37073
1565,100,37094
1566,-10,37115
1567,-10,37125
1568,100,37146
1569,-10,37164
1570,100,37191
1571,100,37206
1572,-10,37221
1573,100,37240
1574,100,37252
1575,100,37269
1576,-10,37289
1577,100,37309
1578,100,37331
1579,100,37363
1580,-10,37390
1581,100,37406
1582,-10,37418
1583,100,37455
1584,100,37487
1585,100,37499
1586,100,37541
1587,100,37589
1588,-10,37608
1589,100,37635
1590,-10,37664
1591,100,37695
1592,-10,37706
1593,-10,37743
1594,-10,37771
1595,-10,37791
1596,-10,37807
1597,-10,37839
1598,-10,37851
1599,-10,37864
1600,100,37895
1601,100,37974
1602,-10,38001
1603,-10,38012
1604,100,38032
1605,100,38053
1606,100,38076
1607,100,38100
1608,100,38128
1609,100,38152
1610,-10,38174
1611,-10,38190
1612,100,38214
1613,-10,38234
1614,-10,38249
1615,100,38279
1616,100,38311
1617,-10,38328
1618,-10,38364
1619,-10,38374
1620,-10,38402
1621,100,38409
1622,100,38417
1623,100,38434
1624,100,38468
1625,-10,38486
1626,100,38521
1627,100,38547
1628,100,38568
1629,-10,38597
1630,100,38619
1631,-10,38645
1632,-10,38687
1633,100,38696
1634,100,38728
1635,-10,38749
1636,-10,38767
1637,-10,38791
1638,100,38832
1639,-10,38862
1640,100,38894
1641,-10,38926
1642,100,38945
1643,100,38952
1644,100,38975
1645,100,39012
1646,-10,39040
1647,100,39076
1648,100,39099
1649,100,39138
1650,100,39191
1651,100,39218
1652,100,39281
1653,-10,39303
1654,100,39320
1655,100,39339
1656,100,39364
1657,100,39397
1658,100,39402
1659,-10,39444
1660,-10,39461
1661,-10,39477
1662,-10,39494
1663,-10,39506
1664,-10,39524
1665,100,39544
1666,100,39568
1667,100,39599
1668,-10,39613
1669,100,39632
1670,-10,39652
1671,100,39685
1672,100,39711
1673,100,39743
1674,-10,39758
1675,-10,39772
1676,-10,39796
1677,100,39817
1678,100,39838
1679,100,39864
1680,-10,39877
1681,100,39902
1682,100,39941
1683,100,39953
1684,-10,39974
1685,100,40011
1686,100,40042
1687,100,40057
1688,100,40086
1689,100,40125
1690,100,40161
1691,100,40184
1692,100,40199
1693,100,40230
1694,100,40240
1695,-10,40253
1696,-10,40274
1697,100,40300
1698,100,40307
1699,-10,40320
1700,-10,40330
1701,-10,40347
1702,-10,40361
1703,-10,40371
1704,-10,40396
1705,100,40414
1706,-10,40428
1707,100,40473
1708,100,40508
1709,100,40522
1710,100,40533
1711,-10,40557
1712,-10,40574
1713,100,40601
1714,100,40625
1715,100,40647
1716,100,40671
1717,100,40684
1718,100,40698
1719,100,40714
1720,100,40735
1721,100,40759
1722,100,40776
1723,100,40792
1724,100,40817
1725,-10,40827
1726,-10,40837
1727,100,40862
1728,100,40888
1729,-10,40900
1730,100,40946
1731,100,40970
1732,-10,40993
1733,100,41034
1734,100,41057
1735,100,41083
1736,100,41109
1737,-10,41135
1738,-10,41156
1739,100,41183
1740,100,41211
1741,-10,41228
1742,100,41250
1743,100,41285
1744,100,41307
1745,100,41336
1746,100,41363
1747,-10,41389
1748,100,41403
1749,100,41437
1750,100,41446
1751,-10,41465
1752,100,41501
1753,100,41527
1754,-10,41542
1755,-10,41557
1756,100,41562
1757,100,41573
1758,100,41598
1759,-10,41610
1760,-10,41623
1761,100,41649
1762,-10,41668
1763,100,41669
1764,-10,41692
1765,100,41729
1766,100,41743
1767,100,41757
1768,100,41792
1769,-10,41814
1770,100,41831
1771,100,41833
1772,100,41855
1773,-10,41875
1774,100,41912
1775,100,41937
1776,-10,41951
1777,-10,41983
1778,-10,42009
1779,-10,42026
1780,-10,42041
1781,100,42055
1782,-10,42080
1783,-10,42110
1784,-10,42127
1785,100,42145
1786,100,42160
1787,100,42176
1788,-10,42189
1789,100,42223
1790,100,42246
1791,100,42259
1792,-10,42275
1793,100,42302
1794,-10,42315
1795,-10,42338
1796,100,42356
1797,100,42371
1798,-10,42384
1799,100,42404
1800,100,42421
1801,100,42440
1802,100,42458
1803,-10,42474
1804,100,42496
1805,-10,42511
1806,-10,42523
1807,100,42554
1808,100,42590
1809,100,42613
1810,100,42631
1811,100,42649
1812,-10,42664
1813,100,42674
1814,100,42679
1815,100,42702
1816,100,42727
1817,100,42768
1818,100,42774
1819,100,42798
1820,-10,42809
1821,100,42833
1822,-10,42855
1823,-10,42879
1824,100,42902
1825,-10,42919
1826,-10,42948
1827,-10,42967
1828,-10,43004
1829,-10,43014
1830,100,43043
1831,100,43052
1832,100,43071
1833,-10,43090
1834,-10,43106
1835,100,43133
1836,100,43186
1837,100,43214
1838,-10,43249
1839,100,43274
1840,100,43323
1841,100,43324
1842,100,43345
1843,-10,43364
1844,100,43424
1845,-10,43442
1846,100,43466
1847,-10,43482
1848,-10,43529
1849,100,43551
1850,-10,43571
1851,-10,43601
1852,-10,43625
1853,100,43662
1854,-10,43695
1855,100,43737
1856,100,43794
1857,100,43811
1858,100,43834
1859,-10,43855
1860,100,43911
1861,100,43941
1862,100,43999
1863,-10,44011
1864,100,44043
1865,100,44070
1866,100,44113
1867,100,44140
1868,100,44179
1869,100,44216
1870,100,44237
1871,100,44254
1872,100,44286
1873,100,44309
1874,-10,44327
1875,100,44347
1876,-10,44367
1877,100,44392
1878,100,44412
1879,100,44436
1880,100,44452
1881,-10,44471
1882,-10,44490
1883,100,44510
1884,100,44527
1885,-10,44545
1886,100,44576
1887,-10,44586
1888,-10,44600
1889,100,44621
1890,-10,44658
1891,-10,44694
1892,100,44728
1893,100,44749
1894,100,44790
1895,100,44838
1896,100,44861
1897,100,44877
1898,-10,44914
1899,100,44956
1900,100,44978
1901,100,45013
1902,100,45045
1903,-10,45068
1904,-10,45087
1905,100,45112
1906,-10,45200
1907,100,45226
1908,100,45259
1909,100,45276
1910,-10,45290
1911,100,45321
1912,-10,45337
1913,100,45358
1914,100,45376
1915,100,45399
1916,-10,45408
1917,100,45428
1918,100,45458
1919,-10,45472
1920,100,45517
1921,100,45537
1922,100,45556
1923,100,45589
1924,-10,45606
1925,100,45634
1926,-10,45647
1927,-10,45681
1928,-10,45694
1929,100,45713
1930,100,45756
1931,100,45804
1932,100,45816
1933,100,45844
1934,100,45869
1935,100,45888
1936,100,45908
1937,100,45941
1938,100,45961
1939,100,45989
1940,100,46024
1941,-10,46038
1942,-10,46052
1943,100,46092
1944,-10,46107
1945,-10,46120
1946,-10,46138
1947,100,46161
1948,100,46198
1949,-10,46218
1950,-10,46234
1951,100,46267
1952,-10,46282
1953,100,46297
1954,100,46318
1955,-10,46355
1956,-10,46379
1957,100,46435
1958,-10,46451
1959,-10,46463
1960,100,46478
1961,100,46504
1962,100,46528
1963,100,46553
1964,-10,46578
1965,-10,46609
1966,100,46618
1967,-10,46659
1968,-10,46674
1969,-10,46691
1970,100,46730
1971,-10,46742
1972,100,46761
1973,100,46784
1974,100,46821
1975,-10,46838
1976,-10,46864
1977,100,46890
1978,100,46904
1979,100,46934
1980,100,46971
1981,-10,46987
1982,-10,47013
1983,-10,47032
1984,100,47075
1985,100,47092
1986,100,47107
1987,100,47118
1988,100,47127
1989,100,47174
1990,-10,47221
1991,100,47242
1992,-10,47256
1993,-10,47269
1994,100,47288
1995,100,47315
1996,100,47341
1997,-10,47370
1998,-10,47387
1999,-10,47409
2000,100,47421
2001,100,47457
2002,100,47464
2003,100,47495
2004,100,47527
2005,-10,47552
2006,100,47575
2007,100,47612
2008,100,47642
2009,100,47672
2010,-10,47686
2011,-10,47709
2012,-10,47740
2013,-10,47766
2014,-10,47775
2015,-10,47840
2016,100,47871
2017,100,47905
2018,100,47987
2019,100,48012
2020,100,48054
2021,-10,48111
2022,-10,48181
2023,-10,48211
2024,100,48245
2025,-10,48255
2026,-10,48280
2027,100,48303
2028,100,48349
2029,100,48392
2030,-10,48438
2031,-10,48482
2032,-10,48503
2033,100,48525
2034,100,48554
2035,-10,48570
2036,-10,48583
2037,100,48629
2038,100,48658
2039,-10,48692
2040,100,48733
2041,100,48776
2042,-10,48793
2043,-10,48814
2044,100,48835
2045,100,48859
2046,100,48882
2047,-10,48900
2048,100,48927
2049,-10,48981
2050,-10,48994
2051,100,49029
2052,100,49060
2053,100,49080
2054,100,49125
2055,100,49162
2056,100,49197
2057,100,49221
2058,100,49260
2059,100,49294
2060,100,49332
2061,-10,49364
2062,100,49403
2063,100,49465
2064,-10,49480
2065,100,49497
2066,100,49530
2067,100,49563
2068,-10,49584
2069,100,49606
2070,100,49651
2071,100,49667
2072,100,49689
2073,100,49768
2074,-10,49805
2075,-10,49821
2076,100,49838
2077,-10,49861
2078,100,49902
2079,100,49929
2080,100,49966
2081,100,49999
2082,100,50030
2083,100,50059
2084,100,50102
2085,-10,50123
2086,100,50143
2087,100,50178
2088,100,50200
2089,-10,50225
2090,-10,50264
2091,-10,50293
2092,-10,50349
2093,-10,50370
2094,-10,50383
2095,100,50430
2096,100,50452
2097,-10,50474
2098,100,50529
2099,100,50546
2100,100,50573
2101,100,50612
2102,100,50660
2103,100,50686
2104,-10,50705
2105,100,50740
2106,100,50760
2107,-10,50798
2108,100,50818
2109,-10,50832
2110,-10,50851
2111,-10,50877
2112,-10,50915
2113,-10,50932
2114,-10,50959
2115,100,50982
2116,-10,51017
2117,100,51034
2118,-10,51046
2119,-10,51082
2120,-10,51115
2121,100,51126
2122,100,51134
2123,100,51167
2124,-10,51186
2125,100,51223
2126,-10,51239
2127,100,51272
2128,100,51298
2129,100,51330
2130,100,51356
2131,-10,51378
2132,100,51392
2133,100,51412
2134,100,51456
2135,100,51498
2136,100,51513
2137,100,51532
2138,100,51557
2139,100,51589
2140,-10,51622
2141,100,51689
2142,100,51739
2143,100,51757
2144,100,51788
2145,100,51813
2146,100,51832
2147,100,51857
2148,100,51892
2149,100,51908
2150,100,51959
2151,-10,51981
2152,-10,52010
2153,100,52045
2154,-10,52072
2155,100,52088
2156,100,52113
2157,100,52136
2158,100,52155
2159,-10,52164
2160,-10,52187
2161,100,52224
2162,100,52280
2163,100,52316
2164,100,52351
2165,100,52369
2166,-10,52395
2167,100,52410
2168,100,52441
2169,100,52478
2170,100,52500
2171,100,52538
2172,100,52552
2173,100,52596
2174,100,52636
2175,100,52665
2176,-10,52707
2177,-10,52728
2178,100,52768
2179,100,52797
2180,-10,52832
2181,100,52855
2182,100,52881
2183,100,52906
2184,-10,52935
2185,100,52948
2186,100,52967
2187,100,52993
2188,100,53035
2189,100,53077
2190,100,53119
2191,100,53148
2192,100,53164
2193,100,53182
2194,100,53206
2195,100,53252
2196,100,53276
2197,-10,53324
2198,100,53334
2199,-10,53372
2200,100,53393
2201,100,53422
2202,100,53444
2203,100,53476
2204,-10,53496
2205,100,53514
2206,-10,53533
2207,-10,53569
2208,100,53595
2209,-10,53604
2210,100,53647
2211,100,53676
2212,100,53716
2213,100,53738
2214,100,53771
2215,-10,53788
2216,100,53802
2217,100,53830
2218,100,53872
2219,100,53907
2220,100,53924
2221,100,53954
2222,-10,53983
2223,100,54009
2224,100,54043
2225,-10,54090
2226,100,54147
2227,100,54188
2228,100,54231
2229,100,54267
2230,100,54290
2231,100,54314
2232,-10,54329
2233,-10,54346
2234,100,54375
2235,100,54426
2236,-10,54449
2237,100,54469
2238,-10,54506
2239,100,54543
2240,100,54574
2241,100,54615
2242,100,54640
2243,-10,54679
2244,100,54712
2245,100,54730
2246,100,54745
2247,100,54761
2248,100,54779
2249,100,54849
2250,100,54883
2251,100,54902
2252,-10,54946
2253,100,54967
2254,100,54993
2255,100,55003
2256,100,55050
2257,100,55078
2258,100,55112
2259,100,55140
2260,100,55174
2261,100,55199
2262,100,55297
2263,100,55343
2264,100,55379
2265,100,55402
2266,100,55444
2267,100,55466
2268,100,55484
2269,100,55501
2270,-10,55533
2271,100,55568
2272,-10,55585
2273,-10,55608
2274,100,55632
2275,100,55653
2276,-10,55674
2277,100,55688
2278,-10,55709
2279,100,55760
2280,100,55792
2281,100,55818
2282,-10,55847
2283,100,55884
2284,100,55908
2285,100,55927
2286,-10,55959
2287,100,55994
2288,100,56024
2289,-10,56052
2290,100,56085
2291,100,56103
2292,100,56140
2293,100,56160
2294,-10,56193
2295,100,56228
2296,100,56252
2297,-10,56268
2298,100,56302
2299,100,56350
2300,100,56394
2301,-10,56413
2302,-10,56467
2303,100,56490
2304,100,56513
2305,-10,56524
2306,-10,56539
2307,100,56561
2308,100,56594
2309,100,56634
2310,100,56669
2311,100,56691
2312,-10,56712
2313,-10,56734
2314,100,56765
2315,-10,56815
2316,100,56832
2317,-10,56883
2318,100,56903
2319,100,56910
2320,-10,56930
2321,100,56963
2322,100,56987
2323,100,57028
2324,-10,57045
2325,100,57077
2326,100,57107
2327,100,57116
2328,100,57119
2329,-10,57140
2330,-10,57172
2331,100,57194
2332,100,57223
2333,-10,57249
2334,100,57275
2335,100,57283
2336,100,57312
2337,100,57340
2338,100,57375
2339,100,57419
2340,100,57443
2341,100,57482
2342,-10,57500
2343,100,57528
2344,100,57581
2345,100,57596
2346,-10,57606
2347,100,57638
2348,100,57662
2349,100,57687
2350,100,57717
2351,-10,57770
2352,100,57794
2353,-10,57823
2354,100,57862
2355,100,57874
2356,-10,57886
2357,100,57902
2358,100,57919
2359,100,57988
2360,100,58021
2361,100,58037
2362,100,58072
2363,100,58103
2364,100,58114
2365,100,58147
2366,100,58168
2367,100,58200
2368,-10,58216
2369,-10,58241
2370,100,58267
2371,100,58290
2372,100,58303
2373,-10,58313
2374,100,58356
2375,100,58375
2376,100,58403
2377,100,58435
2378,100,58480
2379,100,58507
2380,-10,58549
2381,100,58587
2382,100,58625
2383,100,58630
2384,100,58687
2385,100,58709
2386,100,58758
2387,-10,58783
2388,100,58824
2389,100,58853
2390,100,58889
2391,100,58910
2392,100,58957
2393,100,58973
2394,100,59007
2395,100,59035
2396,-10,59055
2397,100,59063
2398,100,59091
2399,100,59129
2400,100,59176
2401,-10,59209
2402,100,59274
2403,100,59322
2404,-10,59341
2405,100,59342
2406,-10,59371
2407,100,59387
2408,100,59414
2409,100,59453
2410,-10,59466
2411,100,59508
2412,-10,59522
2413,100,59536
2414,100,59590
2415,100,59619
2416,-10,59655
2417,-10,59686
2418,100,59706
2419,100,59731
2420,100,59778
2421,100,59808
2422,100,59831
2423,-10,59849
2424,100,59868
2425,-10,59879
2426,-10,59904
2427,100,59932
2428,-10,59954
2429,100,59959
2430,100,59983
2431,100,60021
2432,100,60046
2433,100,60071
2434,100,60087
2435,100,60100
2436,100,60118
2437,-10,60159
2438,100,60192
2439,100,60199
2440,100,60205
2441,100,60223
2442,100,60258
2443,100,60298
2444,100,60324
2445,100,60339
2446,100,60365
2447,100,60413
2448,100,60446
2449,100,60467
2450,-10,60514
2451,100,60570
2452,100,60609
2453,-10,60641
2454,100,60684
2455,100,60734
2456,100,60777
2457,100,60817
2458,100,60856
2459,100,60883
2460,100,60925
2461,-10,60970
2462,-10,60986
2463,-10,61024
2464,100,61049
2465,100,61066
2466,100,61076
2467,100,61098
2468,100,61126
2469,100,61136
2470,-10,61166
2471,100,61203
2472,100,61234
2473,100,61253
2474,100,61310
2475,-10,61330
2476,100,61364
2477,100,61399
2478,100,61429
2479,100,61445
2480,100,61466
2481,100,61475
2482,100,61498
2483,100,61517
2484,100,61543
2485,-10,61627
2486,100,61661
2487,-10,61686
2488,-10,61720
2489,-10,61747
2490,100,61801
2491,100,61858
2492,100,61891
2493,100,61917
2494,100,61958
2495,100,61988
2496,100,62014
2497,100,62038
2498,100,62078
2499,100,62112
2500,100,62130
2501,100,62143
2502,100,62187
2503,100,62213
2504,100,62237
2505,100,62282
2506,100,62305
2507,100,62359
2508,-10,62372
2509,100,62387
2510,-10,62412
2511,100,62444
2512,100,62467
2513,-10,62515
2514,100,62538
2515,100,62551
2516,100,62561
2517,-10,62586
2518,100,62607
2519,100,62646
2520,100,62691
2521,100,62725
2522,100,62748
2523,-10,62780
2524,-10,62798
2525,100,62837
2526,100,62870
2527,100,62915
2528,100,62954
2529,100,63007
2530,100,63050
2531,-10,63075
2532,100,63115
2533,100,63126
2534,100,63150
2535,100,63212
2536,100,63249
2537,-10,63286
2538,100,63363
2539,100,63398
2540,-10,63439
2541,100,63460
2542,100,63488
2543,100,63530
2544,-10,63573
2545,-10,63615
2546,100,63663
2547,100,63706
2548,100,63727
2549,100,63762
2550,100,63790
2551,100,63822
2552,-10,63879
2553,100,63916
2554,100,63933
2555,100,63994
2556,-10,64008
2557,100,64033
2558,-10,64056
2559,100,64082
2560,-10,64093
2561,-10,64121
2562,-10,64134
2563,100,64162
2564,-10,64185
2565,100,64218
2566,100,64284
2567,100,64309
2568,100,64322
2569,-10,64342
2570,100,64363
2571,100,64422
2572,-10,64467
2573,-10,64512
2574,100,64611
2575,100,64646
2576,-10,64660
2577,-10,64686
2578,-10,64714
2579,-10,64731
2580,-10,64808
2581,100,64864
2582,100,64903
2583,100,64917
2584,100,65035
2585,-10,65068
2586,100,65082
2587,100,65132
2588,100,65205
2589,-10,65229
2590,-10,65261
2591,-10,65270
2592,-10,65299
2593,100,65346
2594,100,65380
2595,100,65408
2596,-10,65466
2597,100,65504
2598,100,65529
2599,100,65559
2600,100,65570
2601,100,65571
2602,100,65603
2603,100,65634
2604,100,65657
2605,100,65698
2606,-10,65735
2607,100,65788
2608,-10,65845
2609,100,65857
2610,-10,65886
2611,100,65922
2612,100,65959
2613,-10,66000
2614,100,66039
2615,100,66068
2616,100,66101
2617,100,66133
2618,-10,66177
2619,100,66217
2620,100,66250
2621,100,66302
2622,100,66303
2623,-10,66326
2624,100,66350
2625,100,66376
2626,100,66432
2627,100,66475
2628,100,66499
2629,100,66539
2630,100,66566
2631,100,66580
2632,100,66606
2633,100,66638
2634,100,66686
2635,100,66726
2636,100,66764
2637,100,66790
2638,100,66825
2639,-10,66852
2640,100,66898
2641,100,66910
2642,100,66975
2643,100,67001
2644,-10,67032
2645,100,67069
2646,100,67098
2647,100,67129
2648,-10,67142
2649,100,67167
2650,100,67197
2651,100,67214
2652,100,67249
2653,100,67277
2654,100,67316
2655,100,67398
2656,-10,67462
2657,-10,67510
2658,100,67529
2659,100,67575
2660,100,67639
2661,-10,67667
2662,100,67690
2663,100,67719
2664,-10,67731
2665,100,67772
2666,100,67773
2667,100,67831
2668,100,67878
2669,100,67911
2670,-10,67990
2671,100,68025
2672,100,68043
2673,100,68081
2674,100,68098
2675,100,68127
2676,100,68143
2677,100,68180
2678,100,68197
2679,100,68219
2680,100,68253
2681,100,68284
2682,-10,68345
2683,100,68393
2684,100,68441
2685,100,68474
2686,100,68507
2687,100,68543
2688,100,68586
2689,100,68615
2690,100,68633
2691,100,68650
2692,100,68675
2693,100,68742
2694,100,68787
2695,100,68811
2696,-10,68850
2697,100,68870
2698,100,68901
2699,100,68928
2700,-10,68958
2701,100,68987
2702,100,69028
2703,100,69068
2704,100,69080
2705,100,69119
2706,100,69171
2707,100,69195
2708,-10,69224
2709,100,69249
2710,100,69265
2711,100,69276
2712,100,69305
2713,100,69327
2714,-10,69349
2715,-10,69367
2716,100,69411
2717,100,69438
2718,100,69465
2719,100,69501
2720,-10,69520
2721,100,69560
2722,100,69597
2723,100,69633
2724,100,69671
2725,-10,69709
2726,100,69720
2727,-10,69761
2728,100,69788
2729,100,69822
2730,100,69854
2731,100,69855
2732,100,69925
2733,100,69943
2734,-10,70002
2735,100,70036
2736,100,70051
2737,100,70070
2738,100,70101
2739,100,70133
2740,100,70187
2741,100,70227
2742,100,70250
2743,-10,70295
2744,100,70366
2745,100,70379
2746,100,70409
2747,100,70439
2748,100,70467
2749,-10,70487
2750,-10,70528
2751,100,70573
2752,-10,70593
2753,100,70613
2754,100,70635
2755,100,70682
2756,-10,70698
2757,100,70736
2758,100,70753
2759,-10,70795
2760,100,70810
2761,-10,70845
2762,100,70911
2763,-10,70932
2764,100,70976
2765,100,71003
2766,100,71013
2767,100,71015
2768,100,71036
2769,100,71052
2770,100,71073
2771,-10,71099
2772,-10,71123
2773,-10,71153
2774,100,71176
2775,100,71210
2776,100,71248
2777,100,71285
2778,100,71310
2779,100,71342
2780,100,71356
2781,100,71410
2782,100,71420
2783,100,71465
2784,100,71518
2785,100,71577
2786,100,71664
2787,100,71726
2788,100,71758
2789,-10,71784
2790,100,71785
2791,100,71811
2792,100,71839
2793,100,71858
2794,100,71881
2795,100,71917
2796,100,71951
2797,-10,71965
2798,100,72001
2799,100,72052
2800,100,72092
2801,-10,72128
2802,100,72139
2803,-10,72178
2804,100,72194
2805,100,72232
2806,100,72273
2807,100,72372
2808,-10,72408
2809,100,72418
2810,100,72453
2811,-10,72469
2812,100,72482
2813,100,72535
2814,100,72591
2815,-10,72607
2816,-10,72669
2817,100,72704
2818,100,72740
2819,100,72762
2820,100,72781
2821,100,72839
2822,100,72861
2823,100,72894
2824,-10,72945
2825,-10,72980
2826,-10,73018
2827,-10,73066
2828,100,73092
2829,100,73138
2830,100,73161
2831,100,73192
2832,-10,73238
2833,100,73279
2834,100,73304
2835,-10,73327
2836,100,73362
2837,-10,73381
2838,100,73405
2839,100,73454
2840,100,73485
2841,100,73530
2842,100,73534
2843,100,73597
2844,100,73644
2845,100,73668
2846,100,73723
2847,100,73757
2848,100,73783
2849,100,73804
2850,100,73843
2851,100,73869
2852,100,73876
2853,-10,73929
2854,100,73974
2855,-10,74009
2856,100,74028
2857,100,74049
2858,100,74090
2859,-10,74128
2860,100,74142
2861,100,74187
2862,100,74217
2863,100,74244
2864,100,74266
2865,100,74335
2866,100,74356
2867,100,74390
2868,100,74439
2869,100,74455
2870,100,74487
2871,100,74510
2872,-10,74544
2873,100,74587
2874,100,74607
2875,100,74640
2876,100,74674
2877,100,74698
2878,100,74746
2879,100,74789
2880,-10,74817
2881,-10,74857
2882,100,74885
2883,100,74926
2884,100,74949
2885,100,75036
2886,100,75051
2887,100,75100
2888,-10,75139
2889,100,75165
2890,-10,75184
2891,-10,75238
2892,100,75266
2893,100,75305
2894,100,75332
2895,100,75351
2896,100,75418
2897,100,75444
2898,100,75481
2899,100,75514
2900,100,75574
2901,-10,75619
2902,-10,75676
2903,100,75703
2904,100,75721
2905,-10,75742
2906,100,75759
2907,100,75786
2908,100,75811
2909,100,75839
2910,100,75888
2911,100,75897
2912,-10,75936
2913,100,75951
2914,100,75971
2915,100,76005
2916,-10,76047
2917,100,76068
2918,100,76124
2919,100,76173
2920,100,76238
2921,100,76301
2922,100,76333
2923,100,76391
2924,-10,76433
2925,100,76448
2926,100,76469
2927,-10,76505
2928,100,76559
2929,100,76754
2930,100,76794
2931,100,76797
2932,100,76834
2933,100,76851
2934,-10,76887
2935,-10,76941
2936,-10,76963
2937,-10,77024
2938,-10,77066
2939,100,77105
2940,100,77121
2941,100,77165
2942,-10,77198
2943,100,77207
2944,100,77222
2945,100,77240
2946,100,77283
2947,100,77316
2948,100,77317
2949,100,77340
2950,100,77378
2951,100,77403
2952,-10,77454
2953,100,77490
2954,100,77544
2955,100,77575
2956,-10,77597
2957,-10,77626
2958,100,77646
2959,100,77662
2960,100,77692
2961,100,77724
2962,-10,77750
2963,100,77798
2964,100,77814
2965,100,77849
2966,100,77894
2967,100,77918
2968,100,77951
2969,100,77985
2970,100,78010
2971,100,78032
2972,100,78074
2973,100,78107
2974,100,78145
2975,100,78158
2976,100,78168
2977,100,78181
2978,-10,78198
2979,100,78267
2980,-10,78283
2981,100,78317
2982,100,78342
2983,-10,78384
2984,100,78430
2985,100,78519
2986,100,78584
2987,100,78590
2988,100,78651
2989,-10,78704
2990,100,78729
2991,100,78753
2992,100,78763
2993,100,78790
2994,100,78825
2995,100,78870
2996,100,78917
2997,-10,78956
2998,-10,78997
2999,100,79050
3000,-10,79063
3001,-10,79073
3002,100,79090
3003,100,79102
3004,-10,79116
3005,100,79165
3006,100,79185
3007,100,79249
3008,100,79277
3009,100,79306
3010,-10,79343
3011,100,79380
3012,100,79406
3013,100,79433
3014,100,79468
3015,100,79491
3016,100,79510
3017,100,79543
3018,100,79570
3019,100,79620
3020,100,79655
3021,100,79686
3022,100,79699
3023,100,79718
3024,100,79756
3025,100,79786
3026,100,79828
3027,100,79853
3028,100,79897
3029,100,79924
3030,100,79980
3031,100,80014
3032,100,80040
3033,100,80069
3034,100,80133
3035,100,80160
3036,100,80179
3037,100,80201
3038,100,80228
3039,100,80266
3040,100,80274
3041,100,80301
3042,100,80340
3043,100,80367
3044,100,80388
3045,100,80415
3046,-10,80455
3047,-10,80493
3048,-10,80556
3049,-10,80603
3050,100,80633
3051,100,80650
3052,-10,80718
3053,-10,80750
3054,100,80781
3055,100,80825
3056,-10,80859
3057,-10,80884
3058,-10,80912
3059,-10,80941
3060,100,80956
3061,-10,81004
3062,100,81043
3063,-10,81087
3064,100,81130
3065,100,81150
3066,100,81171
3067,100,81184
3068,-10,81217
3069,100,81233
3070,100,81268
3071,100,81298
3072,100,81308
3073,100,81323
3074,100,81372
3075,100,81397
3076,100,81428
3077,100,81445
3078,100,81495
3079,100,81525
3080,100,81567
3081,100,81607
3082,100,81643
3083,100,81696
3084,100,81724
3085,100,81751
3086,100,81781
3087,100,81797
3088,-10,81832
3089,100,81867
3090,100,81926
3091,100,81938
3092,100,81981
3093,100,82010
3094,100,82046
3095,100,82069
3096,100,82097
3097,100,82128
3098,-10,82199
3099,100,82230
3100,100,82239
3101,-10,82278
3102,100,82305
3103,100,82306
3104,100,82346
3105,100,82361
3106,100,82375
3107,100,82407
3108,-10,82440
3109,100,82452
3110,100,82483
3111,100,82510
3112,100,82533
3113,100,82560
3114,100,82601
3115,100,82629
3116,100,82658
3117,100,82673
3118,100,82698
3119,100,82710
3120,100,82745
3121,100,82755
3122,100,82779
3123,100,82801
3124,100,82829
3125,-10,82859
3126,-10,82875
3127,100,82923
3128,-10,82964
3129,-10,83004
3130,100,83035
3131,100,83062
3132,-10,83148
3133,100,83158
3134,100,83179
3135,100,83236
3136,100,83259
3137,100,83299
3138,-10,83313
3139,100,83334
3140,-10,83349
3141,100,83376
3142,100,83408
3143,100,83439
3144,100,83503
3145,100,83529
3146,100,83555
3147,100,83590
3148,-10,83618
3149,100,83644
3150,100,83654
3151,100,83683
3152,100,83720
3153,-10,83790
3154,100,83822
3155,-10,83848
3156,100,83886
3157,100,83917
3158,100,83956
3159,100,83986
3160,-10,84028
3161,100,84057
3162,100,84108
3163,100,84146
3164,100,84179
3165,100,84193
3166,100,84219
3167,100,84252
3168,100,84267
3169,100,84322
3170,100,84357
3171,100,84384
3172,100,84442
3173,100,84468
3174,100,84487
3175,100,84498
3176,100,84533
3177,-10,84554
3178,100,84578
3179,100,84609
3180,100,84643
3181,100,84690
3182,100,84713
3183,100,84742
3184,100,84776
3185,-10,84793
3186,100,84830
3187,100,84855
3188,100,84895
3189,100,84918
3190,100,84937
3191,100,84985
3192,100,85048
3193,100,85071
3194,100,85112
3195,-10,85190
3196,100,85209
3197,100,85237
3198,100,85283
3199,-10,85335
3200,100,85344
3201,100,85371
3202,100,85404
3203,100,85405
3204,100,85437
3205,100,85469
3206,100,85507
3207,100,85559
3208,100,85607
3209,100,85632
3210,100,85665
3211,100,85700
3212,100,85763
3213,100,85815
3214,100,85844
3215,100,85889
3216,100,85921
3217,100,85955
3218,100,85996
3219,100,86026
3220,100,86051
3221,-10,86089
3222,100,86121
3223,-10,86138
3224,100,86178
3225,100,86230
3226,100,86258
3227,100,86304
3228,100,86327
3229,100,86360
3230,-10,86429
3231,100,86465
3232,100,86502
3233,100,86545
3234,100,86579
3235,100,86597
3236,-10,86630
3237,100,86666
3238,-10,86687
3239,100,86759
3240,100,86827
3241,-10,86844
3242,100,86878
3243,-10,86950
3244,100,86962
3245,-10,86997
3246,100,87011
3247,100,87050
3248,-10,87081
3249,100,87100
3250,100,87151
3251,100,87169
3252,-10,87200
3253,100,87215
3254,100,87240
3255,100,87261
3256,100,87302
3257,100,87345
3258,100,87380
3259,100,87410
3260,100,87449
3261,100,87490
3262,100,87535
3263,100,87563
3264,100,87614
3265,100,87654
3266,100,87687
3267,100,87715
3268,-10,87739
3269,-10,87764
3270,100,87817
3271,100,87857
3272,100,87869
3273,100,87888
3274,-10,87915
3275,-10,87943
3276,100,87980
3277,100,88015
3278,-10,88051
3279,100,88070
3280,100,88119
3281,100,88143
3282,100,88180
3283,100,88230
3284,-10,88259
3285,100,88299
3286,-10,88310
3287,100,88311
3288,-10,88353
3289,100,88369
3290,100,88415
3291,100,88484
3292,100,88520
3293,100,88574
3294,100,88592
3295,100,88628
3296,100,88647
3297,100,88673
3298,100,88700
3299,-10,88731
3300,100,88734
3301,100,88772
3302,100,88805
3303,100,88844
3304,100,88869
3305,100,88910
3306,100,88941
3307,100,88983
3308,-10,89012
3309,100,89045
3310,100,89084
3311,100,89167
3312,-10,89219
3313,100,89231
3314,100,89258
3315,100,89312
3316,100,89369
3317,100,89447
3318,100,89496
3319,100,89565
3320,100,89604
3321,100,89627
3322,100,89693
3323,100,89740
3324,100,89797
3325,100,89828
3326,100,89870
3327,100,89897
3328,100,89943
3329,100,89970
3330,100,90018
3331,100,90052
3332,-10,90119
3333,100,90142
3334,100,90175
3335,100,90196
3336,100,90235
3337,100,90269
3338,-10,90331
3339,100,90363
3340,100,90392
3341,100,90447
3342,100,90513
3343,100,90544
3344,100,90563
3345,100,90610
3346,100,90634
3347,-10,90676
3348,100,90700
3349,100,90732
3350,-10,90752
3351,100,90753
3352,100,90771
3353,100,90819
3354,100,90854
3355,100,90893
3356,100,90894
3357,100,90902
3358,100,90932
3359,-10,90968
3360,-10,91012
3361,100,91051
3362,100,91077
3363,100,91087
3364,100,91145
3365,-10,91167
3366,100,91196
3367,100,91240
3368,100,91255
3369,100,91277
3370,100,91293
3371,100,91310
3372,100,91343
3373,100,91367
3374,100,91412
3375,100,91451
3376,100,91483
3377,100,91506
3378,100,91555
3379,100,91596
3380,100,91626
3381,100,91683
3382,100,91730
3383,-10,91755
3384,-10,91815
3385,100,91847
3386,100,91884
3387,100,91911
3388,100,91924
3389,100,91973
3390,100,92039
3391,-10,92071
3392,100,92102
3393,100,92131
3394,100,92169
3395,100,92197
3396,100,92251
3397,100,92297
3398,100,92315
3399,-10,92361
3400,100,92374
3401,100,92411
3402,-10,92449
3403,100,92500
3404,100,92551
3405,-10,92607
3406,100,92654
3407,100,92684
3408,100,92721
3409,100,92737
3410,100,92738
3411,-10,92892
3412,-10,92939
3413,100,92955
3414,100,92973
3415,100,93002
3416,100,93024
3417,100,93093
3418,100,93111
3419,100,93131
3420,100,93155
3421,-10,93188
3422,100,93229
3423,-10,93283
3424,-10,93323
3425,100,93357
3426,100,93371
3427,100,93424
3428,100,93447
3429,-10,93469
3430,-10,93494
3431,100,93521
3432,-10,93561
3433,100,93592
3434,100,93600
3435,100,93653
3436,100,93710
3437,100,93764
3438,-10,93800
3439,100,93871
3440,-10,93910
3441,100,93930
3442,-10,94032
3443,100,94111
3444,100,94120
3445,100,94131
3446,100,94157
3447,100,94188
3448,100,94199
3449,100,94223
3450,100,94296
3451,100,94342
3452,100,94366
3453,-10,94394
3454,-10,94426
3455,100,94448
3456,-10,94477
3457,100,94491
3458,100,94531
3459,100,94575
3460,-10,94584
3461,-10,94621
3462,100,94646
3463,100,94670
3464,100,94671
3465,-10,94684
3466,100,94723
3467,-10,94746
3468,-10,94800
3469,100,94846
3470,100,94875
3471,100,94906
3472,100,94930
3473,100,94944
3474,100,94953
3475,100,94969
3476,100,94988
3477,100,95033
3478,100,95064
3479,-10,95106
3480,-10,95150
3481,-10,95168
3482,100,95192
3483,100,95243
3484,100,95265
3485,100,95302
3486,100,95347
3487,100,95375
3488,100,95376
3489,100,95410
3490,100,95433
3491,100,95483
3492,100,95490
3493,100,95545
3494,100,95564
3495,100,95587
3496,100,95641
3497,100,95658
3498,100,95691
3499,100,95705
3500,100,95740
3501,100,95799
3502,100,95842
3503,100,95873
3504,100,95894
3505,100,95931
3506,100,95965
3507,100,95967
3508,100,96049
3509,100,96071
3510,100,96096
3511,100,96122
3512,100,96152
3513,-10,96182
3514,100,96220
3515,100,96230
3516,100,96264
3517,100,96311
3518,-10,96347
3519,100,96387
3520,100,96411
3521,100,96429
3522,100,96454
3523,100,96470
3524,100,96497
3525,100,96526
3526,100,96539
3527,100,96552
3528,-10,96579
3529,100,96601
3530,-10,96645
3531,100,96667
3532,-10,96699
3533,100,96730
3534,100,96778
3535,100,96798
3536,-10,96857
3537,-10,96894
3538,-10,96921
3539,100,96965
3540,100,96995
3541,100,97020
3542,-10,97040
3543,-10,97083
3544,-10,97116
3545,100,97147
3546,-10,97180
3547,100,97222
3548,100,97256
3549,100,97298
3550,100,97310
3551,-10,97342
3552,100,97372
3553,-10,97410
3554,-10,97446
3555,100,97477
3556,100,97493
3557,100,97511
3558,100,97517
3559,100,97532
3560,100,97572
3561,100,97586
3562,100,97657
3563,100,97711
3564,100,97778
3565,100,97967
3566,100,98009
3567,100,98088
3568,100,98126
3569,100,98155
3570,100,98250
3571,100,98287
3572,100,98309
3573,100,98339
3574,100,98362
3575,100,98397
3576,100,98450
3577,100,98463
3578,100,98535
3579,100,98565
3580,100,98588
3581,100,98603
3582,100,98628
3583,100,98678
3584,-10,98711
3585,-10,98759
3586,100,98784
3587,100,98901
3588,-10,98927
3589,-10,98986
3590,-10,99034
3591,-10,99077
3592,-10,99100
3593,-10,99159
3594,-10,99250
3595,-10,99301
3596,-10,99372
3597,100,99430
3598,-10,99457
3599,100,99508
3600,-10,99588
3601,100,99606
3602,100,99643
3603,100,99677
3604,100,99693
3605,-10,99779
3606,100,99802
3607,100,99845
3608,100,99879
3609,100,99903
3610,100,99926
3611,100,99947
3612,100,99987
3613,100,100039
3614,100,100076
3615,100,100088
3616,100,100113
3617,100,100133
3618,-10,100189
3619,100,100216
3620,100,100298
3621,100,100347
3622,100,100408
3623,-10,100450
3624,-10,100518
3625,100,100563
3626,100,100625
3627,-10,100646
3628,100,100675
3629,100,100680
3630,100,100690
3631,100,100712
3632,100,100729
3633,-10,100745
3634,100,100786
3635,100,100809
3636,100,100839
3637,100,100840
3638,100,100869
3639,100,100892
3640,-10,100913
3641,-10,100960
3642,100,100978
3643,-10,100985
3644,100,101001
3645,100,101023
3646,100,101051
3647,-10,101087
3648,100,101122
3649,-10,101167
3650,100,101203
3651,100,101241
3652,-10,101297
3653,100,101363
3654,100,101381
3655,-10,101480
3656,-10,101553
3657,100,101576
3658,100,101614
3659,100,101623
3660,-10,101705
3661,100,101763
3662,100,101790
3663,-10,101833
3664,-10,101878
3665,100,101902
3666,100,101943
3667,100,101961
3668,100,101996
3669,-10,102094
3670,100,102121
3671,100,102149
3672,100,102200
3673,-10,102215
3674,-10,102246
3675,100,102285
3676,100,102306
3677,100,102326
3678,100,102351
3679,100,102387
3680,100,102432
3681,100,102453
3682,-10,102509
3683,-10,102538
3684,100,102567
3685,100,102599
3686,100,102603
3687,100,102640
3688,-10,102669
3689,-10,102757
3690,100,102769
3691,100,102822
3692,-10,102879
3693,100,102896
3694,100,102935
3695,-10,103024
3696,100,103048
3697,-10,103096
3698,100,103115
3699,100,103146
3700,100,103199
3701,100,103241
3702,100,103259
3703,-10,103268
3704,100,103308
3705,100,103353
3706,-10,103404
3707,-10,103448
3708,-10,103472
3709,-10,103513
3710,100,103540
3711,-10,103790
3712,100,103845
3713,100,103882
3714,100,103919
3715,100,103946
3716,100,103986
3717,100,104025
3718,100,104052
3719,100,104097
3720,-10,104178
3721,100,104203
3722,-10,104224
3723,100,104263
3724,100,104316
3725,100,104347
3726,100,104379
3727,-10,104446
3728,100,104473
3729,-10,104512
3730,-10,104588
3731,-10,104636
3732,-10,104682
3733,100,104699
3734,100,104700
3735,-10,104716
3736,-10,104731
3737,100,104780
3738,-10,104822
3739,100,104827
3740,-10,104877
3741,100,104919
3742,-10,104983
3743,100,105004
3744,100,105039
3745,-10,105127
3746,100,105152
3747,100,105183
3748,-10,105245
3749,100,105253
3750,-10,105284
3751,100,105309
3752,100,105349
3753,-10,105362
3754,-10,105376
3755,100,105400
3756,-10,105429
3757,100,105456
3758,-10,105476
3759,-10,105569
3760,100,105643
3761,100,105667
3762,100,105735
3763,100,105754
3764,100,105773
3765,100,105836
3766,-10,105867
3767,100,105880
3768,100,105913
3769,100,105946
3770,100,106016
3771,-10,106042
3772,100,106081
3773,-10,106100
3774,-10,106138
3775,-10,106234
3776,-10,106283
3777,100,106306
3778,100,106321
3779,100,106359
3780,-10,106402
3781,100,106443
3782,100,106455
3783,-10,106540
3784,100,106574
3785,100,106608
3786,100,106678
3787,100,106702
3788,100,106728
3789,100,106766
3790,100,106800
3791,100,106801
3792,100,106848
3793,100,106867
3794,100,106903
3795,100,106921
3796,-10,106973
3797,100,107010
3798,100,107034
3799,100,107052
3800,-10,107078
3801,-10,107128
3802,100,107177
3803,100,107188
3804,-10,107230
3805,100,107272
3806,-10,107317
3807,100,107328
3808,-10,107349
3809,100,107366
3810,-10,107413
3811,100,107461
3812,100,107482
3813,100,107512
3814,100,107559
3815,100,107599
3816,100,107626
3817,100,107658
3818,100,107691
3819,100,107735
3820,100,107769
3821,100,107809
3822,100,107836
3823,100,107873
3824,100,107899
3825,100,107915
3826,100,107937
3827,100,107965
3828,100,108026
3829,100,108063
3830,100,108090
3831,100,108107
3832,100,108142
3833,100,108210
3834,100,108239
3835,100,108249
3836,100,108257
3837,100,108299
3838,-10,108329
3839,100,108372
3840,100,108380
3841,100,108400
3842,100,108424
3843,100,108436
3844,100,108465
3845,100,108490
3846,100,108526
3847,-10,108560
3848,100,108581
3849,100,108616
3850,-10,108651
3851,-10,108675
3852,100,108703
3853,100,108717
3854,-10,108749
3855,100,108783
3856,100,108799
3857,100,108819
3858,100,108872
3859,100,108899
3860,100,108919
3861,100,108953
3862,100,108968
3863,-10,109051
3864,-10,109107
3865,100,109115
3866,100,109118
3867,100,109166
3868,100,109217
3869,100,109268
3870,-10,109309
3871,100,109320
3872,100,109348
3873,100,109388
3874,100,109428
3875,100,109444
3876,100,109510
3877,100,109551
3878,100,109588
3879,100,109632
3880,100,109680
3881,100,109726
3882,100,109757
3883,100,109794
3884,100,109830
3885,100,109834
3886,100,109897
3887,100,109929
3888,100,109976
3889,100,109994
3890,100,110040
3891,100,110041
3892,-10,110082
3893,100,110102
3894,100,110143
3895,100,110179
3896,100,110236
3897,100,110237
3898,100,110266
3899,100,110299
3900,100,110312
3901,100,110347
3902,100,110374
3903,100,110425
3904,100,110457
3905,100,110485
3906,100,110515
3907,-10,110650
3908,100,110700
3909,100,110765
3910,-10,110841
3911,100,110890
3912,100,110933
3913,100,110979
3914,100,111015
3915,100,111040
3916,100,111092
3917,100,111284
3918,100,111340
3919,100,111518
3920,100,111547
3921,100,111613
3922,100,111646
3923,100,111672
3924,100,111695
3925,100,111714
3926,100,111728
3927,-10,111783
3928,100,111784
3929,100,111801
3930,100,111826
3931,-10,111866
3932,100,111888
3933,-10,111907
3934,100,111919
3935,100,111948
3936,100,111986
3937,-10,112118
3938,-10,112265
3939,100,112291
3940,100,112326
3941,100,112347
3942,100,112384
3943,-10,112430
3944,100,112452
3945,100,112476
3946,100,112504
3947,100,112547
3948,100,112577
3949,100,112625
3950,100,112671
3951,100,112703
3952,100,112727
3953,100,112749
3954,100,112793
3955,100,112822
3956,100,112829
3957,100,112857
3958,100,112898
3959,100,112924
3960,100,112979
3961,-10,113026
3962,100,113132
3963,100,113157
3964,100,113179
3965,-10,113239
3966,100,113273
3967,100,113318
3968,100,113382
3969,100,113400
3970,100,113440
3971,100,113495
3972,100,113515
3973,100,113530
3974,100,113547
3975,100,113577
3976,100,113607
3977,100,113630
3978,100,113708
3979,100,113757
3980,100,113792
3981,-10,113826
3982,100,113854
3983,100,113884
3984,100,113924
3985,100,113951
3986,100,113973
3987,100,114019
3988,100,114026
3989,100,114063
3990,-10,114161
3991,100,114217
3992,100,114235
3993,100,114264
3994,100,114305
3995,100,114306
3996,100,114319
3997,100,114349
3998,100,114389
3999,100,114406
4000,100,114415
4001,100,114446
4002,-10,114486
4003,100,114531
4004,100,114590
4005,100,114641
4006,100,114681
4007,100,114719
4008,100,114727
4009,-10,114744
4010,100,114796
4011,100,114835
4012,100,114907
4013,100,114976
4014,100,115013
4015,100,115033
4016,100,115063
4017,-10,115091
4018,100,115133
4019,100,115159
4020,100,115195
4021,100,115216
4022,100,115239
4023,100,115265
4024,100,115305
4025,-10,115345
4026,100,115395
4027,-10,115415
4028,-10,115487
4029,100,115523
4030,100,115569
4031,100,115600
4032,-10,115629
4033,100,115667
4034,100,115698
4035,100,115755
4036,-10,115781
4037,100,115822
4038,100,115858
4039,100,115890
4040,100,115910
4041,100,115936
4042,100,115962
4043,100,115985
4044,100,116002
4045,-10,116068
4046,100,116134
4047,100,116161
4048,100,116185
4049,100,116203
4050,100,116251
4051,100,116294
4052,100,116307
4053,100,116389
4054,-10,116419
4055,-10,116471
4056,100,116503
4057,100,116515
4058,-10,116523
4059,-10,116549
4060,-10,116564
4061,100,116627
4062,-10,116671
4063,100,116748
4064,100,116804
4065,100,116837
4066,100,116873
4067,100,116881
4068,100,116915
4069,-10,116958
4070,100,116991
4071,100,117009
4072,100,117039
4073,100,117092
4074,100,117154
4075,100,117168
4076,100,117185
4077,100,117220
4078,100,117236
4079,100,117260
4080,100,117301
4081,100,117322
4082,100,117359
4083,-10,117407
4084,100,117455
4085,100,117477
4086,-10,117507
4087,100,117527
4088,100,117565
4089,100,117650
4090,100,117678
4091,100,117719
4092,100,117760
4093,100,117810
4094,100,117849
4095,-10,117885
4096,100,117952
4097,100,117976
4098,100,118013
4099,100,118040
4100,100,118074
4101,100,118096
4102,100,118097
4103,100,118122
4104,100,118148
4105,-10,118190
4106,100,118212
4107,100,118236
4108,100,118259
4109,100,118268
4110,100,118282
4111,100,118351
4112,-10,118429
4113,100,118474
4114,-10,118499
4115,100,118525
4116,100,118567
4117,100,118590
4118,100,118604
4119,100,118632
4120,-10,118678
4121,-10,118729
4122,100,118763
4123,-10,118795
4124,-10,118840
4125,-10,118886
4126,100,118907
4127,100,118951
4128,100,118988
4129,100,119027
4130,100,119041
4131,100,119062
4132,100,119090
4133,100,119129
4134,100,119140
4135,100,119179
4136,100,119204
4137,-10,119229
4138,100,119261
4139,-10,119311
4140,100,119371
4141,100,119424
4142,100,119508
4143,100,119558
4144,100,119593
4145,100,119627
4146,100,119702
4147,100,119727
4148,100,119761
4149,100,119774
4150,100,119809
4151,100,119913
4152,100,119973
4153,100,120034
4154,100,120120
4155,100,120170
4156,100,120176
4157,100,120223
4158,100,120253
4159,-10,120328
4160,100,120375
4161,100,120432
4162,100,120454
4163,100,120494
4164,-10,120516
4165,100,120582
4166,100,120633
4167,100,120634
4168,100,120694
4169,100,120739
4170,100,120756
4171,100,120801
4172,100,120829
4173,100,120854
4174,-10,120877
4175,100,120921
4176,100,120959
4177,100,121026
4178,100,121065
4179,100,121133
4180,-10,121172
4181,100,121299
4182,-10,121363
4183,100,121423
4184,100,121565
4185,100,121610
4186,100,121647
4187,100,121801
4188,100,121856
4189,-10,121887
4190,100,121932
4191,100,121974
4192,100,122024
4193,100,122084
4194,100,122148
4195,100,122196
4196,100,122267
4197,100,122283
4198,100,122305
4199,100,122360
4200,100,122398
4201,100,122465
4202,100,122539
4203,100,122544
4204,-10,122590
4205,-10,122633
4206,100,122649
4207,100,122668
4208,100,122712
4209,100,122819
4210,100,122845
4211,100,122872
4212,100,122905
4213,100,122922
4214,100,123011
4215,100,123033
4216,100,123136
4217,100,123202
4218,100,123230
4219,100,123261
4220,100,123294
4221,100,123333
4222,100,123359
4223,100,123373
4224,-10,123405
4225,-10,123454
4226,100,123479
4227,100,123517
4228,100,123565
4229,100,123620
4230,-10,123633
4231,100,123666
4232,-10,123730
4233,100,123779
4234,100,123802
4235,100,123854
4236,100,123929
4237,100,123949
4238,100,123961
4239,100,124021
4240,100,124058
4241,100,124101
4242,100,124119
4243,100,124149
4244,100,124185
4245,100,124220
4246,100,124262
4247,100,124295
4248,100,124305
4249,100,124332
4250,100,124352
4251,100,124371
4252,100,124396
4253,100,124471
4254,100,124521
4255,100,124552
4256,100,124580
4257,-10,124659
4258,100,124677
4259,100,124781
4260,-10,124802
4261,100,124856
4262,100,124918
4263,100,124982
4264,100,125039
4265,100,125115
4266,100,125214
4267,-10,125302
4268,100,125387
4269,100,125445
4270,100,125494
4271,100,125556
4272,100,125579
4273,100,125608
4274,100,125626
4275,100,125706
4276,100,125751
4277,100,125825
4278,100,126001
4279,-10,126030
4280,100,126048
4281,100,126052
4282,100,126091
4283,100,126119
4284,100,126175
4285,100,126197
4286,-10,126260
4287,-10,126289
4288,100,126306
4289,100,126345
4290,100,126352
4291,100,126414
4292,-10,126433
4293,100,126479
4294,100,126497
4295,100,126528
4296,100,126576
4297,100,126622
4298,100,126634
4299,100,126671
4300,100,126699
4301,100,126741
4302,100,126810
4303,100,126860
4304,100,126905
4305,-10,126981
4306,100,127022
4307,100,127081
4308,100,127133
4309,100,127190
4310,-10,127349
4311,100,127379
4312,100,127389
4313,100,127438
4314,100,127464
4315,100,127497
4316,100,127564
4317,-10,127588
4318,100,127649
4319,100,127714
4320,100,127725
4321,-10,127769
4322,100,127833
4323,100,127850
4324,-10,127892
4325,-10,127935
4326,-10,127998
4327,-10,128045
4328,-10,128059
4329,-10,128090
4330,-10,128128
4331,-10,128150
4332,-10,128160
4333,100,128274
4334,100,128317
4335,100,128541
4336,100,128597
4337,100,128615
4338,-10,128686
4339,100,128718
4340,100,128760
4341,100,128795
4342,100,128804
4343,100,128823
4344,100,128848
4345,100,128905
4346,100,128924
4347,100,128988
4348,100,129006
4349,100,129036
4350,100,129046
4351,100,129115
4352,100,129121
4353,100,129137
4354,100,129144
4355,100,129179
4356,100,129226
4357,100,129262
4358,100,129308
4359,100,129380
4360,100,129437
4361,100,129468
4362,100,129517
4363,100,129533
4364,100,129556
4365,100,129573
4366,100,129595
4367,100,129622
4368,100,129660
4369,100,129661
4370,100,129715
4371,100,129758
4372,100,129777
4373,100,129824
4374,100,129878
4375,100,129895
4376,100,129927
4377,100,129971
4378,100,130000
4379,100,130010
4380,100,130052
4381,100,130082
4382,100,130106
4383,-10,130145
4384,-10,130178
4385,100,130190
4386,-10,130224
4387,100,130247
4388,100,130263
4389,100,130308
4390,100,130334
4391,-10,130343
4392,100,130363
4393,100,130410
4394,100,130419
4395,100,130437
4396,-10,130454
4397,-10,130490
4398,100,130567
4399,100,130611
4400,100,130646
4401,100,130712
4402,100,130764
4403,100,130796
4404,100,130845
4405,100,130871
4406,100,130943
4407,100,130972
4408,100,130999
4409,100,131074
4410,100,131161
4411,100,131255
4412,100,131286
4413,100,131332
4414,100,131473
4415,100,131536
4416,100,131569
4417,-10,131578
4418,-10,131601
4419,100,131647
4420,100,131680
4421,100,131759
4422,100,131789
4423,100,131837
4424,100,131888
4425,100,131948
4426,100,131977
4427,100,132028
4428,100,132067
4429,100,132128
4430,100,132181
4431,100,132263
4432,100,132292
4433,-10,132335
4434,100,132336
4435,100,132375
4436,100,132417
4437,100,132473
4438,100,132475
4439,100,132504
4440,-10,132541
4441,-10,132571
4442,-10,132652
4443,100,132676
4444,100,132739
4445,-10,132802
4446,100,132892
4447,-10,132935
4448,100,132983
4449,100,133029
4450,100,133090
4451,100,133148
4452,100,133188
4453,100,133225
4454,100,133251
4455,-10,133293
4456,100,133326
4457,-10,133361
4458,100,133390
4459,100,133540
4460,100,133574
4461,-10,133626
4462,100,133660
4463,100,133681
4464,100,133714
4465,100,133751
4466,100,133891
4467,-10,133920
4468,-10,133945
4469,-10,133961
4470,100,133974
4471,100,134036
4472,100,134081
4473,100,134103
4474,100,134122
4475,100,134146
4476,100,134180
4477,100,134216
4478,-10,134269
4479,-10,134427
4480,-10,134464
4481,100,134481
4482,100,134550
4483,100,134570
4484,100,134617
4485,-10,134647
4486,-10,134748
4487,100,134780
4488,100,134797
4489,100,134847
4490,-10,134896
4491,100,134925
4492,100,134993
4493,100,135020
4494,100,135055
4495,100,135093
4496,100,135149
4497,100,135184
4498,-10,135230
4499,-10,135283
4500,100,135318
4501,-10,135348
4502,100,135386
4503,100,135434
4504,100,135518
4505,100,135527
4506,100,135569
4507,100,135588
4508,100,135641
4509,100,135677
4510,100,135740
4511,100,135792
4512,100,135822
4513,100,135866
4514,100,135899
4515,100,135960
4516,100,135996
4517,100,136025
4518,100,136039
4519,-10,136090
4520,100,136154
4521,100,136178
4522,100,136205
4523,100,136252
4524,100,136285
4525,-10,136324
4526,100,136359
4527,100,136386
4528,100,136420
4529,100,136442
4530,100,136502
4531,100,136549
4532,100,136580
4533,100,136599
4534,100,136659
4535,100,136704
4536,100,136757
4537,100,136818
4538,100,136871
4539,100,136890
4540,100,136905
4541,100,136924
4542,100,136954
4543,100,136973
4544,100,137001
4545,100,137036
4546,100,137069
4547,100,137125
4548,100,137153
4549,100,137172
4550,100,137218
4551,100,137250
4552,100,137268
4553,100,137291
4554,100,137326
4555,100,137394
4556,100,137440
4557,-10,137465
4558,100,137502
4559,100,137565
4560,100,137596
4561,100,137668
4562,100,137695
4563,100,137749
4564,100,137810
4565,100,137856
4566,100,137882
4567,100,137951
4568,100,138017
4569,100,138053
4570,100,138096
4571,100,138147
4572,100,138188
4573,100,138224
4574,100,138248
4575,100,138285
4576,100,138303
4577,100,138343
4578,100,138384
4579,100,138427
4580,100,138450
4581,100,138499
4582,100,138529
4583,-10,138591
4584,100,138601
4585,100,138611
4586,100,138687
4587,-10,138724
4588,100,138766
4589,100,138833
4590,100,138857
4591,100,138890
4592,100,138919
4593,100,138964
4594,100,138987
4595,100,139023
4596,100,139053
4597,100,139102
4598,100,139130
4599,100,139131
4600,100,139167
4601,100,139203
4602,-10,139236
4603,100,139294
4604,100,139323
4605,-10,139379
4606,100,139384
4607,-10,139410
4608,-10,139432
4609,-10,139580
4610,100,139608
4611,100,139643
4612,-10,139685
4613,100,139730
4614,100,139785
4615,100,139825
4616,100,139860
4617,100,139897
4618,100,139934
4619,100,139971
4620,100,139993
4621,100,140042
4622,100,140065
4623,100,140104
4624,100,140150
4625,100,140187
4626,100,140259
4627,100,140298
4628,-10,140339
4629,-10,140379
4630,100,140417
4631,100,140439
4632,100,140479
4633,100,140499
4634,100,140521
4635,100,140571
4636,100,140609
4637,-10,140691
4638,100,140732
4639,100,140757
4640,100,140795
4641,100,140875
4642,100,140904
4643,100,140925
4644,100,140957
4645,100,140993
4646,100,140999
4647,100,141006
4648,100,141044
4649,100,141060
4650,100,141083
4651,-10,141122
4652,100,141123
4653,100,141164
4654,100,141237
4655,-10,141266
4656,-10,141294
4657,100,141364
4658,100,141407
4659,100,141445
4660,100,141515
4661,100,141614
4662,100,141714
4663,100,141742
4664,100,141780
4665,100,141815
4666,100,141882
4667,100,141953
4668,100,142018
4669,100,142220
4670,100,142247
4671,-10,142293
4672,100,142310
4673,-10,142316
4674,-10,142362
4675,100,142377
4676,100,142437
4677,100,142480
4678,100,142538
4679,100,142564
4680,-10,142609
4681,-10,142647
4682,100,142680
4683,100,142806
4684,100,142845
4685,100,142874
4686,100,142915
4687,100,142929
4688,100,142932
4689,100,142948
4690,100,142990
4691,100,143032
4692,100,143067
4693,100,143098
4694,100,143131
4695,100,143178
4696,100,143199
4697,-10,143284
4698,-10,143328
4699,100,143389
4700,100,143426
4701,100,143450
4702,-10,143471
4703,100,143515
4704,100,143542
4705,100,143553
4706,100,143569
4707,100,143579
4708,-10,143641
4709,100,143660
4710,100,143715
4711,100,143776
4712,100,143801
4713,100,143833
4714,100,143850
4715,100,143907
4716,100,143959
4717,100,144001
4718,100,144007
4719,100,144031
4720,100,144060
4721,100,144195
4722,100,144196
4723,100,144222
4724,100,144283
4725,100,144310
4726,100,144333
4727,100,144408
4728,100,144437
4729,100,144457
4730,100,144483
4731,100,144537
4732,100,144615
4733,100,144713
4734,100,144739
4735,100,144767
4736,100,144876
4737,100,144914
4738,100,145019
4739,100,145065
4740,100,145088
4741,100,145124
4742,100,145144
4743,100,145173
4744,-10,145230
4745,100,145248
4746,100,145264
4747,100,145295
4748,100,145336
4749,100,145376
4750,100,145434
4751,100,145496
4752,100,145522
4753,100,145554
4754,100,145578
4755,100,145618
4756,100,145658
4757,100,145735
4758,100,145761
4759,100,145773
4760,-10,145815
4761,100,145840
4762,100,145903
4763,100,146005
4764,100,146010
4765,100,146038
4766,100,146107
4767,100,146157
4768,100,146186
4769,100,146240
4770,100,146275
4771,100,146294
4772,100,146334
4773,100,146405
4774,100,146465
4775,100,146473
4776,100,146525
4777,100,146535
4778,100,146567
4779,100,146600
4780,100,146617
4781,100,146646
4782,100,146699
4783,100,146753
4784,100,146785
4785,-10,146828
4786,100,146847
4787,-10,146881
4788,-10,146927
4789,100,146965
4790,100,146995
4791,100,147152
4792,-10,147178
4793,100,147181
4794,-10,147235
4795,-10,147317
4796,100,147358
4797,100,147415
4798,100,147435
4799,100,147456
4800,100,147477
4801,100,147515
4802,100,147581
4803,100,147597
4804,100,147661
4805,100,147687
4806,100,147718
4807,100,147786
4808,100,147793
4809,100,147798
4810,100,147829
4811,100,147856
4812,100,147887
4813,100,147896
4814,100,147957
4815,100,148025
4816,100,148084
4817,100,148111
4818,100,148219
4819,100,148247
4820,100,148288
4821,100,148390
4822,100,148403
4823,100,148443
4824,100,148480
4825,100,148523
4826,100,148551
4827,-10,148613
4828,100,148653
4829,100,148702
4830,-10,148752
4831,100,148790
4832,-10,148842
4833,100,148880
4834,-10,148938
4835,100,148967
4836,100,148968
4837,100,149032
4838,100,149054
4839,100,149124
4840,100,149211
4841,100,149257
4842,-10,149301
4843,100,149310
4844,100,149341
4845,100,149342
4846,100,149386
4847,100,149411
4848,-10,149452
4849,100,149486
4850,100,149568
4851,100,149610
4852,100,149633
4853,100,149664
4854,100,149711
4855,100,149755
4856,100,149778
4857,100,149838
4858,100,149855
4859,100,149881
4860,100,149899
4861,100,149940
4862,100,149977
4863,100,150037
4864,100,150113
4865,100,150143
4866,100,150182
4867,100,150222
4868,100,150275
4869,-10,150292
4870,100,150333
4871,100,150377
4872,100,150401
4873,100,150435
4874,100,150469
4875,100,150517
4876,100,150556
4877,100,150569
4878,100,150628
4879,100,150653
4880,100,150674
4881,100,150749
4882,100,150780
4883,100,150814
4884,100,150841
4885,-10,150995
4886,100,151044
4887,100,151124
4888,100,151138
4889,100,151165
4890,100,151221
4891,100,151259
4892,100,151335
4893,100,151366
4894,-10,151386
4895,100,151438
4896,100,151458
4897,100,151471
4898,100,151529
4899,100,151594
4900,100,151684
4901,100,151723
4902,100,151778
4903,100,151804
4904,100,151842
4905,100,151862
4906,-10,151894
4907,100,151929
4908,100,151973
4909,100,151996
4910,100,152009
4911,-10,152079
4912,100,152104
4913,100,152137
4914,100,152175
4915,-10,152229
4916,100,152251
4917,100,152287
4918,100,152341
4919,100,152394
4920,100,152418
4921,100,152451
4922,100,152458
4923,100,152488
4924,100,152514
4925,100,152561
4926,100,152569
4927,100,152623
4928,100,152693
4929,-10,152862
4930,100,152964
4931,-10,153019
4932,-10,153168
4933,-10,153216
4934,100,153266
4935,100,153338
4936,100,153356
4937,100,153403
4938,100,153467
4939,100,153488
4940,100,153528
4941,100,153580
4942,-10,153673
4943,100,153710
4944,-10,153718
4945,100,153759
4946,100,153799
4947,-10,153835
4948,100,153899
4949,100,153938
4950,100,153959
4951,100,153992
4952,100,154038
4953,100,154093
4954,100,154120
4955,100,154139
4956,100,154218
4957,100,154241
4958,100,154292
4959,100,154324
4960,100,154348
4961,100,154388
4962,100,154483
4963,-10,154525
4964,100,154560
4965,100,154624
4966,100,154679
4967,100,154708
4968,100,154727
4969,100,154750
4970,100,154793
4971,100,154823
4972,100,154879
4973,100,154910
4974,100,154974
4975,100,155004
4976,100,155025
4977,100,155069
4978,100,155139
4979,100,155166
4980,100,155219
4981,100,155247
4982,100,155327
4983,100,155369
4984,100,155392
4985,100,155407
4986,-10,155453
4987,-10,155505
4988,100,155522
4989,100,155557
4990,100,155593
4991,100,155656
4992,100,155708
4993,100,155784
4994,100,155818
4995,100,155863
4996,100,155895
4997,100,155915
4998,100,155963
4999,100,155999
